LOTE;FECHA;TURBIDEZ;VIABILIDAD;GLUCOSA_G/L
23019;21/03/2023 07:30;17,28;8333333,33;1,74
23019;21/03/2023 11:00;17,28;13973333,33;1,97
23019;21/03/2023 14:00;18,4;16880000,00;1,92
23019;21/03/2023 18:00;19,76;24746666,67;1,88
23019;22/03/2023 07:00;39,12;100000000,00;1,57
23019;22/03/2023 11:30;51,12;133866666,67;1,62
23019;22/03/2023 15:30;62,32;137600000,00;1,44
23019;22/03/2023 18:30;69,6;177066666,67;1,08
23019;22/03/2023 21:00;77,44;152000000,00;0,98
23019;23/03/2023 06:30;91,2;185333333,33;0,21
23020;21/03/2023 07:30;18,8;7456000,00;1,75
23020;21/03/2023 11:00;19,6;13706666,67;1,94
23020;21/03/2023 14:00;20,16;17680000,00;1,92
23020;21/03/2023 18:00;21,44;24773333,33;1,94
23020;22/03/2023 07:00;39,52;99733333,33;1,7
23020;22/03/2023 11:30;52,72;137066666,67;1,6
23020;22/03/2023 15:30;61,6;4036266666,67;1,43
23020;22/03/2023 18:30;70,16;159200000,00;1,06
23020;22/03/2023 21:00;74,72;157333333,33;1,06
23020;23/03/2023 06:30;91,2;180000000,00;0,31
23021;22/03/2023 07:30;16,16;8906666,67;1,73
23021;22/03/2023 11:30;16,48;11226666,67;1,8
23021;22/03/2023 15:30;17,6;14986666,67;2,04
23021;22/03/2023 18:30;19,2;24586666,67;1,84
23021;22/03/2023 21:00;19,52;35706666,67;1,98
23021;23/03/2023 07:30;34;91466666,67;1,84
23021;23/03/2023 11:30;45,28;114933333,33;1,62
23021;23/03/2023 14:30;54,24;158933333,33;1,53
23021;23/03/2023 18:30;64,4;153600000,00;1,28
23021;23/03/2023 21:00;70,88;173333333,33;1,18
23021;24/03/2023 06:30;86,4;245066666,67;0,28
23022;22/03/2023 07:30;18,48;7853333,33;1,73
23022;22/03/2023 11:30;18,64;14613333,33;2,02
23022;22/03/2023 15:30;19,84;20693333,33;2,05
23022;22/03/2023 18:30;20,88;31386666,67;1,79
23022;22/03/2023 21:00;21,84;40346666,67;2,01
23022;23/03/2023 07:30;36,16;105866666,67;1,85
23022;23/03/2023 11:30;47,04;147733333,33;1,63
23022;23/03/2023 14:00;52,24;170933333,33;1,7
23022;23/03/2023 18:30;61,84;182933333,33;1,3
23022;23/03/2023 21:00;65,76;171733333,33;1,19
23022;24/03/2023 06:30;83,2;228800000,00;0,37
23023;28/03/2023 08:00;17,12;5802666,67;1,8
23023;28/03/2023 12:00;17,52;11200000,00;2,19
23023;28/03/2023 16:00;18,72;19893333,33;2,15
23023;28/03/2023 20:00;19,84;32266666,67;2,02
23023;29/03/2023 08:00;32,08;98933333,33;1,9
23023;29/03/2023 12:00;39,92;135733333,33;1,78
23023;29/03/2023 16:00;47,6;132533333,33;1,65
23023;29/03/2023 20:00;55,28;113866666,67;1,23
23023;30/03/2023 06:15;72,88;179733333,33;0,69
23023;30/03/2023 07:30;73,2;194933333,33;0,61
23023;30/03/2023 09:30;74,4;132533333,33;0,52
23023;30/03/2023 12:00;81,6;212000000,00;0,46
23024;28/03/2023 08:00;16,56;6802666,67;1,79
23024;28/03/2023 12:00;16,72;12480000,00;2,16
23024;28/03/2023 16:00;18,56;16080000,00;2,12
23024;28/03/2023 20:00;19,6;34346666,67;2,1
23024;29/03/2023 08:00;32,88;112533333,33;1,85
23024;29/03/2023 12:00;44,16;117866666,67;1,78
23024;29/03/2023 16:00;55,2;166400000,00;1,54
23024;29/03/2023 20:00;65,68;184800000,00;NA
23024;30/03/2023 06:15;80,8;199466666,67;0,48
23024;30/03/2023 07:30;78,96;243200000,00;0,43
23024;30/03/2023 09:30;77,12;160800000,00;0,44
23025;29/03/2023 07:30;17,2;6266666,67;1,97
23025;29/03/2023 11:30;18,96;8960000,00;1,94
23025;29/03/2023 15:30;19,6;18933333,33;1,87
23025;29/03/2023 19:30;21,28;27653333,33;1,8
23025;30/03/2023 08:00;37,12;98133333,33;1,64
23025;30/03/2023 12:00;51,12;114133333,33;1,59
23025;30/03/2023 16:00;58,88;164800000,00;1,54
23025;30/03/2023 20:00;69,52;176000000,00;1,16
23025;31/03/2023 06:15;84;203466666,67;0,34
23025;31/03/2023 07:30;87,2;198933333,33;0,21
23026;29/03/2023 07:30;18;5306666,67;1,83
23026;29/03/2023 11:30;18,8;9040000,00;2,11
23026;29/03/2023 15:30;19,2;16666666,67;1,78
23026;29/03/2023 19:30;20,64;25733333,33;1,84
23026;30/03/2023 08:00;33,2;98933333,33;1,66
23026;30/03/2023 12:00;48,64;102666666,67;1,72
23026;30/03/2023 16:00;54,08;122133333,33;1,6
23026;30/03/2023 20:00;65,2;163733333,33;1,37
23026;31/03/2023 06:15;79,6;204800000,00;0,57
23026;31/03/2023 07:30;81,2;206400000,00;0,41
23027;04/04/2023 10:30;16,88;5525333,33;1,68
23027;04/04/2023 14:30;17,12;6226666,67;1,9
23027;04/04/2023 18:30;17,088;12000000,00;1,75
23027;05/04/2023 07:00;22,08;47840000,00;NA
23027;05/04/2023 11:00;26,56;67760000,00;NA
23027;05/04/2023 15:00;31,68;99466666,67;NA
23027;05/04/2023 19:00;40,4;130933333,33;NA
23027;06/04/2023 07:00;59,04;174133333,33;NA
23027;06/04/2023 10:00;66,08;218400000,00;NA
23027;06/04/2023 12:00;68,08;195466666,67;0,84
23028;04/04/2023 10:30;18,56;5146666,67;1,25
23028;04/04/2023 14:30;18,56;7096000,00;1,86
23028;04/04/2023 18:30;18,88;11173333,33;1,87
23028;05/04/2023 07:00;23,84;48880000,00;NA
23028;05/04/2023 11:00;28,08;69653333,33;NA
23028;05/04/2023 15:00;32,56;92266666,67;NA
23028;05/04/2023 19:00;40,32;138933333,33;NA
23028;06/04/2023 07:00;62,88;207733333,33;NA
23028;06/04/2023 10:00;65,52;198933333,33;NA
23028;06/04/2023 12:00;67,2;176000000,00;0,91
23029;18/04/2023 08:00;16,96;5552000,00;1,9
23029;18/04/2023 12:00;17,36;10880000,00;NA
23029;18/04/2023 16:00;18,4;15146666,67;NA
23029;18/04/2023 20:00;20,16;25333333,33;NA
23029;19/04/2023 06:00;32,56;91733333,33;NA
23029;19/04/2023 10:30;41,76;115466666,67;NA
23029;19/04/2023 14:30;53,84;14346666,67;NA
23029;19/04/2023 18:30;67,84;154400000,00;NA
23029;20/04/2023 06:00;85,6;199733333,33;NA
23029;20/04/2023 07:30;85,6;262666666,67;0,22
23030;18/04/2023 08:00;19,36;5440000,00;1,9
23030;18/04/2023 12:00;19,68;10746666,67;NA
23030;18/04/2023 16:00;20,48;14773333,33;NA
23030;18/04/2023 20:00;22,16;28346666,67;NA
23030;19/04/2023 06:00;34,24;82666666,67;NA
23030;19/04/2023 10:30;42,72;123733333,33;NA
23030;19/04/2023 14:30;53,36;129066666,67;NA
23030;19/04/2023 18:30;65,04;150933333,33;NA
23030;20/04/2023 06:00;81,6;173600000,00;NA
23030;20/04/2023 07:30;75,92;178933333,33;0,09
23031;18/04/2023 08:00;18,64;5336000,00;1,9
23031;18/04/2023 12:00;19,12;9600000,00;NA
23031;18/04/2023 16:00;19,92;15306666,67;NA
23031;18/04/2023 20:00;21,6;17760000,00;NA
23031;19/04/2023 06:00;33,04;72960000,00;NA
23031;19/04/2023 10:30;40,08;88266666,67;NA
23031;19/04/2023 14:30;52,32;124800000,00;NA
23031;19/04/2023 18:30;64,56;149066666,67;NA
23031;20/04/2023 06:00;85,6;190666666,67;NA
23031;20/04/2023 07:30;84;97333333,33;0,34
23032;18/04/2023 08:00;18,88;5437333,33;1,9
23032;18/04/2023 12:00;18,24;10693333,33;NA
23032;18/04/2023 16:00;19,76;16080000,00;NA
23032;18/04/2023 20:00;21,52;25120000,00;NA
23032;19/04/2023 06:00;33,04;81280000,00;NA
23032;19/04/2023 10:30;41,6;115466666,67;NA
23032;19/04/2023 14:30;51,44;106400000,00;NA
23032;19/04/2023 18:30;63,76;128426666,67;NA
23032;20/04/2023 06:00;78,4;182666666,67;NA
23032;20/04/2023 07:30;75,68;195733333,33;0,4
23033;25/04/2023 13:00;17,84;5706666,67;1,9
23033;25/04/2023 17:00;18,64;8906666,67;NA
23033;25/04/2023 21:00;19,28;14506666,67;NA
23033;26/04/2023 07:00;23,76;45013333,33;NA
23033;26/04/2023 11:00;28,32;76746666,67;1,9
23033;26/04/2023 15:00;34,32;88000000,00;1,91
23033;26/04/2023 19:00;42,08;118400000,00;1,85
23033;27/04/2023 06:00;56,88;199200000,00;1,35
23033;27/04/2023 08:00;57,84;201066666,67;1,24
23033;27/04/2023 09:00;66,96;251466666,67;1,03
23033;27/04/2023 11:45;69,52;244266666,67;0,95
23033;27/04/2023 12:50;72,48;226933333,33;0,86
23034;25/04/2023 13:00;16,32;5522666,67;NA
23034;25/04/2023 17:00;17,2;7784000,00;NA
23034;25/04/2023 21:00;17,36;13493333,33;NA
23034;26/04/2023 07:00;21,12;42133333,33;NA
23034;26/04/2023 11:00;24,88;73093333,33;2,02
23034;26/04/2023 15:00;29,68;99466666,67;1,87
23034;26/04/2023 19:00;38,56;104000000,00;1,84
23034;27/04/2023 06:00;56,96;191733333,33;1,35
23034;27/04/2023 08:00;60,8;181066666,67;1,25
23034;27/04/2023 09:00;62,48;186666666,67;1,11
23034;27/04/2023 11:45;67,36;227466666,67;1,11
23034;27/04/2023 12:50;69,12;196533333,33;0,88
23035;25/04/2023 08:00;17,76;4237333,33;NA
23035;25/04/2023 12:00;17,76;6234666,67;NA
23035;25/04/2023 16:00;18,32;9920000,00;NA
23035;25/04/2023 20:00;18,8;21893333,33;NA
23035;26/04/2023 07:00;24,16;51333333,33;NA
23035;26/04/2023 11:00;29,12;92266666,67;1,86
23035;26/04/2023 15:00;34,4;134666666,67;2,02
23035;26/04/2023 19:00;42,88;136000000,00;1,59
23035;27/04/2023 06:00;63,12;185066666,67;1,23
23035;27/04/2023 08:00;66,4;176533333,33;1,14
23035;27/04/2023 09:00;59,84;170933333,33;0,63
23035;27/04/2023 09:40;59,76;191466666,67;0,9
23036;22/05/2023 08:00;16,4;4845333,33;2,09
23036;22/05/2023 12:00;16,72;8453333,33;2,14
23036;22/05/2023 16:00;17,2;13333333,33;2,31
23036;22/05/2023 20:00;18,8;13066666,67;2,22
23036;23/05/2023 07:30;28,48;74000000,00;1,96
23036;23/05/2023 11:30;34,24;112266666,67;1,9
23036;23/05/2023 15:30;42,24;83733333,33;1,73
23036;23/05/2023 20:00;50,16;109333333,33;1,56
23036;24/05/2023 06:30;62,08;165333333,33;1,02
23036;24/05/2023 07:45;62,88;188800000,00;0,93
23036;24/05/2023 09:00;65,28;168533333,33;0,9
23036;24/05/2023 11:00;65,92;142400000,00;0,68
23037;22/05/2023 08:00;17,44;5152000,00;2,3
23037;22/05/2023 12:00;18,24;8960000,00;2,37
23037;22/05/2023 16:00;19,52;9813333,33;2,06
23037;22/05/2023 20:00;19,68;22826666,67;2,25
23037;23/05/2023 07:30;28,88;76160000,00;2,24
23037;23/05/2023 11:30;34,08;98933333,33;2,18
23037;23/05/2023 15:30;39,6;76560000,00;1,81
23037;23/05/2023 20:00;47,44;102400000,00;1,72
23037;24/05/2023 06:30;59,68;159466666,67;1,19
23037;24/05/2023 07:45;59,12;154400000,00;0,9
23037;24/05/2023 09:00;60,4;78720000,00;1,12
23037;24/05/2023 09:45;64,24;171200000,00;1,08
23037;24/05/2023 11:00;63,36;143733333,33;0,92
23038;23/05/2023 08:00;15,28;7728000,00;0,53
23038;23/05/2023 12:30;15,52;11866666,67;0,54
23038;23/05/2023 14:40;NA;NA;0,47
23038;23/05/2023 15:40;16,96;15386666,67;1,14
23038;23/05/2023 20:00;18,88;23573333,33;1,59
23038;24/05/2023 07:00;26,88;84800000,00;1,25
23038;24/05/2023 11:00;34,96;117333333,33;1,27
23038;24/05/2023 15:00;41,04;97066666,67;1,18
23038;24/05/2023 19:00;45,2;150933333,33;0,97
23038;25/05/2023 06:30;58,64;157866666,67;0,32
23038;25/05/2023 08:00;64,56;174400000,00;0,62
23038;25/05/2023 09:00;63,92;165066666,67;0,55
23038;25/05/2023 10:00;65,6;172266666,67;1,14
23038;25/05/2023 12:30;67,92;145333333,33;0,87
23039;23/05/2023 08:00;17,84;7824000,00;2,18
23039;23/05/2023 12:30;17,92;10293333,33;2,22
23039;23/05/2023 15:40;19,36;13653333,33;2,35
23039;23/05/2023 20:00;21,2;20400000,00;2,13
23039;24/05/2023 07:00;29,44;77946666,67;2,06
23039;24/05/2023 11:00;33,12;107200000,00;1,72
23039;24/05/2023 15:00;40,96;68240000,00;1,86
23039;24/05/2023 19:00;46,72;111466666,67;1,71
23039;25/05/2023 06:30;62,88;154666666,67;1,19
23039;25/05/2023 08:00;63,12;143200000,00;0,94
23039;25/05/2023 09:00;62,72;149066666,67;0,89
23039;25/05/2023 10:00;62,56;146666666,67;0,98
23039;25/05/2023 12:30;67,2;122666666,67;0,81
P23213;24/05/2023 15:00;19,6;69146666,67;2,06
P23213;24/05/2023 19:00;19,92;14720000,00;2,1
P23213;25/05/2023 06:30;24,8;35893333,33;1,99
P23213;25/05/2023 12:30;34,24;60506666,67;1,78
P23213;25/05/2023 16:30;40,64;70640000,00;1,75
P23213;25/05/2023 20:30;51,28;97333333,33;1,72
P23213;26/05/2023 06:45;72,24;161066666,67;0,88
P23213;26/05/2023 07:45;74,4;169333333,33;0,88
P23213;26/05/2023 10:00;75,44;185333333,33;0,76
P23213;26/05/2023 11:30;77,44;191466666,67;0,55
P23213;26/05/2023 13:00;80;187733333,33;0,47
P23213;26/05/2023 15:00;81,6;185333333,33;0,36
23040;29/05/2023 07:45;13,92;4296000,00;1,25
23040;29/05/2023 11:30;13,92;7570666,67;1,38
23040;29/05/2023 16:00;14,88;14693333,33;1,44
23040;29/05/2023 20:00;15,68;19306666,67;1,51
23040;30/05/2023 06:30;24,48;107200000,00;1,38
23040;30/05/2023 10:30;29,28;165600000,00;1,42
23040;30/05/2023 11:45;32,32;154666666,67;1,34
23041;30/05/2023 08:00;15,6;6850666,67;1,66
23041;30/05/2023 12:00;16,08;11546666,67;1,65
23041;30/05/2023 16:00;16,88;17040000,00;1,66
23041;30/05/2023 20:00;18,24;23920000,00;1,68
23041;31/05/2023 07:20;30,08;91466666,67;1,65
23041;31/05/2023 11:20;37,84;111200000,00;1,42
23041;31/05/2023 16:00;48,96;149866666,67;1,24
23041;31/05/2023 20:00;59,52;166933333,33;1,08
23041;01/06/2023 06:15;79,36;165333333,33;0,23
23041;01/06/2023 07:15;79,28;197333333,33;0,18
23041;01/06/2023 10:00;76,8;260266666,67;0
23042;31/05/2023 07:20;15,28;5864000,00;2,3
23042;31/05/2023 11:20;15,68;8480000,00;1,92
23042;31/05/2023 16:00;17,28;14986666,67;2,24
23042;31/05/2023 20:00;18,72;22186666,67;2,28
23042;01/06/2023 06:15;28,88;65680000,00;1,88
23042;01/06/2023 11:30;36,48;106666666,67;1,82
23042;01/06/2023 16:00;46,72;134133333,33;1,54
23042;01/06/2023 20:00;57,28;132000000,00;1,42
23042;02/06/2023 06:30;67,12;214400000,00;0,75
23042;02/06/2023 07:50;65,12;222666666,67;0,7
23042;02/06/2023 09:00;64,32;215200000,00;0,69
23042;02/06/2023 11:00;68,96;209866666,67;0,51
23044;06/06/2023 13:00;14,88;2778666,67;2,11
23044;06/06/2023 13:00;15,36;5197333,33;1,94
23044;06/06/2023 17:00;15,44;5656000,00;1,96
23044;06/06/2023 21:00;16,08;9493333,33;1,89
23044;07/06/2023 06:15;18,56;24240000,00;1,98
23044;07/06/2023 10:45;20,64;32506666,67;2,1
23044;07/06/2023 15:00;24,48;47866666,67;1,74
23044;07/06/2023 20:15;31,2;90133333,33;1,72
23044;08/06/2023 06:30;42,4;134133333,33;1,42
23044;08/06/2023 08:30;45,36;147466666,67;1,54
23044;08/06/2023 11:00;50,4;150933333,33;1,34
23044;08/06/2023 13:00;53,44;163200000,00;1,36
23044;08/06/2023 13:40;53,84;156000000,00;1,34
23044;08/06/2023 15:40;56,48;129866666,67;1,15
23043;12/06/2023 08:00;16,24;4328000,00;2,34
23043;12/06/2023 12:00;16,4;6781333,33;2,33
23043;12/06/2023 16:30;17,92;11253333,33;2,11
23043;12/06/2023 20:30;19,84;17253333,33;2,02
23043;13/06/2023 07:30;30,48;51146666,67;2,14
23043;13/06/2023 12:00;37,36;68293333,33;1,97
23043;13/06/2023 16:00;44,32;78533333,33;1,58
23043;13/06/2023 20:00;50,72;67146666,67;1,39
23043;14/06/2023 06:30;57,2;176533333,33;0,46
23043;14/06/2023 07:30;62,8;168533333,33;1,04
23043;14/06/2023 08:30;64;177600000,00;0,94
23043;14/06/2023 09:30;64,8;184533333,33;0,91
23043;14/06/2023 10:30;64,96;188000000,00;0,88
23045;12/06/2023 08:00;16,72;4754666,67;2,14
23045;12/06/2023 12:00;18;7506666,67;2,28
23045;12/06/2023 16:30;18,08;11520000,00;2,02
23045;12/06/2023 20:30;20,64;20293333,33;2,2
23045;13/06/2023 07:30;35,2;68293333,33;2,02
23045;13/06/2023 12:00;46,32;95733333,33;1,58
23045;13/06/2023 16:00;54,16;114400000,00;1,68
23045;13/06/2023 20:00;62,24;143733333,33;1,47
23045;14/06/2023 06:30;69,44;186400000,00;0,7
23045;14/06/2023 07:30;70,16;174400000,00;0,6
23045;14/06/2023 08:30;72,8;174400000,00;0,55
23046;13/06/2023 08:00;14,08;4386666,67;2,18
23046;13/06/2023 12:00;14,16;6821333,33;2,16
23046;13/06/2023 16:00;15,2;10666666,67;2,06
23046;13/06/2023 20:00;17,04;19600000,00;1,85
23046;14/06/2023 06:30;28,8;69226666,67;1,9
23046;14/06/2023 11:40;39,12;108533333,33;1,95
23046;15/06/2023 06:00;71,6;188000000,00;0,62
23046;15/06/2023 07:15;70,72;189600000,00;0,62
23046;15/06/2023 08:15;69,12;203466666,67;0,58
23046;15/06/2023 09:15;69,68;164800000,00;0,48
23047;13/06/2023 08:00;18,72;4312000,00;1,54
23047;13/06/2023 12:00;19,04;6242666,67;1,91
23047;13/06/2023 16:00;19,6;10773333,33;1,94
23047;13/06/2023 20:00;22,56;20533333,33;2,18
23047;14/06/2023 06:30;31,36;61760000,00;2,03
23047;14/06/2023 11:40;40,88;93600000,00;1,96
23047;14/06/2023 15:40;50,96;107733333,33;1,78
23047;14/06/2023 19:40;59,28;142933333,33;1,52
23047;15/06/2023 06:00;70,56;172533333,33;0,84
23047;15/06/2023 07:15;71,84;168533333,33;0,82
23047;15/06/2023 08:15;72,08;162133333,33;0,74
P23243;14/06/2023 10:40;15,92;19386666,67;2,18
P23243;14/06/2023 15:00;16,32;20560000,00;1,93
P23243;14/06/2023 19:00;17,76;21653333,33;1,97
P23243;15/06/2023 06:15;29,2;63973333,33;2,09
P23243;15/06/2023 11:00;37,6;97600000,00;2,1
P23243;15/06/2023 15:00;47,6;117066666,67;1,82
P23243;15/06/2023 19:00;55,12;139200000,00;1,46
P23243;16/06/2023 07:00;67,52;203200000,00;0,68
P23243;16/06/2023 08:00;69,2;202400000,00;0,61
P23243;16/06/2023 09:00;70,32;200266666,67;0,54
23048;20/06/2023 08:30;16;5746666,67;1,82
23048;20/06/2023 12:30;16,4;8293333,33;2,32
23048;20/06/2023 16:30;17,44;12986666,67;2,02
23048;20/06/2023 20:30;19,2;19146666,67;2,07
23048;21/06/2023 07:00;32,4;61440000,00;1,69
23048;21/06/2023 12:15;41,6;89866666,67;1,66
23048;21/06/2023 16:15;51,28;112000000,00;1,42
23048;21/06/2023 20:15;57,6;113333333,33;1,37
23048;22/06/2023 06:20;63,2;170133333,33;0,75
23048;22/06/2023 07:20;63,6;184800000,00;0,44
23048;22/06/2023 08:20;67,04;165866666,67;0,58
23049;20/06/2023 08:30;14,96;6400000,00;1,62
23049;20/06/2023 12:30;15,28;8746666,67;1,96
23049;20/06/2023 16:30;16,4;13253333,33;1,98
23049;20/06/2023 20:30;18,56;21760000,00;2,14
23049;21/06/2023 07:00;30,56;53893333,33;1,64
23049;21/06/2023 12:15;40,88;110133333,33;1,69
23049;21/06/2023 16:15;51,28;112000000,00;1,42
23049;21/06/2023 20:15;58,4;132800000,00;1,42
23049;22/06/2023 06:20;68,64;160800000,00;0,64
23049;22/06/2023 07:20;67,12;170400000,00;0,59
23049;22/06/2023 08:20;68,8;163466666,67;0,57
23050;21/06/2023 08:45;16,16;3741333,33;1,87
23050;21/06/2023 12:30;16,72;6128000,00;1,88
23050;21/06/2023 16:30;17,44;10426666,67;2,14
23050;21/06/2023 20:30;18,8;23066666,67;2,27
23050;22/06/2023 07:00;29,12;51840000,00;1,92
23050;22/06/2023 11:00;36,8;53493333,33;1,82
23050;22/06/2023 15:00;50,4;83226666,67;1,71
23050;22/06/2023 19:00;57,76;94400000,00;1,48
23050;23/06/2023 06:15;73,6;174400000,00;0,8
23050;23/06/2023 07:30;75,28;129600000,00;0,62
23050;23/06/2023 10:00;74,56;190666666,67;0,58
23051;21/06/2023 08:45;14,8;3554666,67;2,14
23051;21/06/2023 12:30;15,12;6970666,67;2,23
23051;21/06/2023 16:30;16,48;11946666,67;2,19
23051;21/06/2023 20:30;18,08;19226666,67;2,09
23051;22/06/2023 07:00;28,4;64560000,00;1,93
23051;22/06/2023 11:00;35,84;73786666,67;1,81
23051;22/06/2023 15:00;46,8;100400000,00;NA
23051;22/06/2023 19:00;50,56;112800000,00;1,58
23051;23/06/2023 06:15;51,76;194666666,67;1,3
23051;23/06/2023 07:30;52,24;184533333,33;1,16
23051;23/06/2023 08:30;50,56;214933333,33;1,06
23051;23/06/2023 10:00;50;216800000,00;1,18
23051;23/06/2023 10:40;49,76;211466666,67;1,22
23051;23/06/2023 12:20;53,28;265866666,67;0,98
23052;26/06/2023 08:00;16,48;2912000,00;1,99
23052;26/06/2023 12:00;16,8;7514666,67;2,01
23052;26/06/2023 16:00;17,84;11973333,33;2,02
23052;26/06/2023 20:00;20,24;19920000,00;1,78
23052;27/06/2023 07:15;35,6;67466666,67;1,82
23052;27/06/2023 11:30;42,96;85333333,33;1,82
23052;27/06/2023 15:30;55,12;101333333,33;1,53
23052;27/06/2023 19:30;62,56;119733333,33;1,46
23052;28/06/2023 06:15;73,04;184800000,00;0,71
23052;28/06/2023 07:15;74,4;218666666,67;0,69
23052;28/06/2023 09:30;72,88;188533333,33;0,67
23053;26/06/2023 08:00;16,64;4544000,00;2,1
23053;26/06/2023 12:00;17,04;7666666,67;2,09
23053;26/06/2023 16:00;17,92;10026666,67;2,16
23053;26/06/2023 20:00;20,08;20186666,67;2,17
23053;27/06/2023 07:15;32,48;60373333,33;1,07
23053;27/06/2023 11:30;39,52;81146666,67;2
23053;27/06/2023 15:30;48,4;97866666,67;1,54
23053;27/06/2023 19:30;56,8;106666666,67;1,54
23053;28/06/2023 06:15;67,28;160266666,67;0,87
23053;28/06/2023 07:15;70,72;195466666,67;0,63
23053;28/06/2023 09:30;72,64;167733333,33;0,61
23054;27/06/2023 08:15;17,04;3992000,00;1,81
23054;27/06/2023 11:30;17,2;6058666,67;1,81
23054;27/06/2023 15:30;18,08;8989333,33;1,8
23054;27/06/2023 19:30;20,88;149066666,67;1,99
23054;28/06/2023 07:00;31,36;45733333,33;1,98
23054;28/06/2023 11:30;40,72;70373333,33;1,6
23054;28/06/2023 15:30;50,56;113066666,67;1,62
23054;28/06/2023 19:30;57,92;123733333,33;1,54
23054;29/06/2023 06:30;66,88;166400000,00;0,81
23054;29/06/2023 07:35;65,92;165600000,00;0,7
23054;29/06/2023 08:15;65,28;192800000,00;0,72
23055;27/06/2023 08:15;17,12;3952000,00;1,92
23055;27/06/2023 11:30;17,04;5642666,67;0,92
23055;27/06/2023 15:30;18,16;9280000,00;1,84
23055;27/06/2023 19:30;20,08;9253333,33;1,96
23055;28/06/2023 07:00;29,44;41493333,33;2,06
23055;28/06/2023 11:30;38;51413333,33;1,78
23055;28/06/2023 15:30;48,56;71013333,33;1,74
23055;28/06/2023 19:30;59,68;133333333,33;1,54
23055;29/06/2023 06:30;76,4;163466666,67;0,81
23055;29/06/2023 07:35;79,52;141600000,00;0,69
23055;29/06/2023 08:15;81,6;169066666,67;0,77
23059;28/06/2023 13:00;21,84;5194666,67;1,98
23059;28/06/2023 17:00;22;15253333,33;2,07
23059;28/06/2023 21:00;23,52;8093333,33;1,98
23059;29/06/2023 07:20;30,88;28906666,67;2,13
23059;29/06/2023 11:20;39,28;40400000,00;1,77
23059;29/06/2023 15:20;48,16;81493333,33;1,59
23059;29/06/2023 19:20;58,48;117066666,67;1,54
23059;30/06/2023 07:00;76,32;190933333,33;0,54
23056;03/07/2023 09:00;18,72;7312000,00;2,06
23056;03/07/2023 13:00;19,2;10026666,67;1,99
23056;03/07/2023 17:00;20,8;14293333,33;2,18
23056;03/07/2023 21:00;22,48;25173333,33;2,07
23056;04/07/2023 08:00;38;48480000,00;1,94
23056;04/07/2023 12:00;47,92;104000000,00;1,72
23056;04/07/2023 16:00;57,36;98933333,33;1,53
23056;04/07/2023 20:00;67,6;92266666,67;1,18
23056;05/07/2023 06:00;78;154933333,33;0,6
23056;05/07/2023 08:00;81,6;205600000,00;0,47
23056;05/07/2023 10:00;89,6;91200000,00;0,38
23057;03/07/2023 09:00;18,64;7589333,33;2,06
23057;03/07/2023 13:00;18,16;10506666,67;1,95
23057;03/07/2023 17:00;20,4;16426666,67;2,18
23057;03/07/2023 21:00;21,92;20106666,67;2,14
23057;04/07/2023 08:00;33,44;53013333,33;2,05
23057;04/07/2023 12:00;42,08;100800000,00;1,72
23057;04/07/2023 16:00;49,76;82373333,33;1,56
23057;04/07/2023 20:00;60,96;100533333,33;1,42
23057;05/07/2023 06:00;71,68;148266666,67;0,87
23057;05/07/2023 08:00;73,6;173066666,67;0,74
23057;05/07/2023 09:00;73,2;173600000,00;0,75
23057;05/07/2023 11:15;73,04;142133333,33;0,56
23060;04/07/2023 08:00;15,04;4672000,00;1,98
23060;04/07/2023 12:00;15,68;4666666,67;2,06
23060;04/07/2023 16:00;16,88;11493333,33;2,14
23060;04/07/2023 20:00;18,56;18506666,67;1,98
23060;05/07/2023 06:15;26,96;58906666,67;1,93
23060;05/07/2023 10:30;32,72;76373333,33;1,92
23060;05/07/2023 14:15;40,24;90666666,67;1,79
23060;05/07/2023 18:15;50,48;104533333,33;1,56
23060;06/07/2023 06:00;70,64;168266666,67;0,98
23060;06/07/2023 07:00;71,28;163466666,67;0,9
23060;06/07/2023 08:00;71,76;140800000,00;0,87
23060;06/07/2023 10:30;74,32;167466666,67;0,79
23061;04/07/2023 08:00;17,84;5088000,00;2,03
23061;04/07/2023 12:00;18,4;4794666,67;2,07
23061;04/07/2023 16:00;19,52;12906666,67;1,95
23061;04/07/2023 20:00;21,2;22480000,00;1,87
23061;05/07/2023 06:15;30,96;65626666,67;2,48
23061;05/07/2023 10:30;39,44;100000000,00;1,75
23061;05/07/2023 14:15;47,44;94933333,33;1,54
23061;05/07/2023 18:15;56,4;112800000,00;1,27
23061;06/07/2023 06:00;73,2;139200000,00;0,7
23061;06/07/2023 07:00;75,04;145333333,33;0,68
23061;06/07/2023 08:00;73,36;145333333,33;0,55
23061;06/07/2023 10:30;75,52;157600000,00;0,42
P23273;05/07/2023 13:40;20,4;11813333,33;1,95
P23273;05/07/2023 17:40;20,48;11653333,33;1,87
P23273;06/07/2023 08:00;28,48;40533333,33;1,89
P23273;06/07/2023 12:00;32,88;55146666,67;1,62
P23273;06/07/2023 16:00;42,8;71680000,00;1,57
P23273;06/07/2023 20:00;50,24;73813333,33;1,45
P23273;07/07/2023 06:30;66,4;165333333,33;0,99
P23273;07/07/2023 08:30;67,52;173333333,33;0,83
P23273;07/07/2023 11:00;69,76;168533333,33;0,72
P23273;07/07/2023 12:00;70;189333333,33;0,64
P23273;07/07/2023 14:30;75,12;159466666,67;0,51
23062;10/07/2023 08:00;16,96;5424000,00;1,86
23062;10/07/2023 12:00;18,16;69413333,33;1,01
23062;10/07/2023 16:00;18,88;9866666,67;2,14
23062;10/07/2023 20:00;19,6;13546666,67;2,1
23062;11/07/2023 06:45;25,12;41786666,67;1,96
23062;11/07/2023 11:00;28,64;61045333,33;1,96
23062;11/07/2023 15:00;36,64;72800000,00;1,89
23062;11/07/2023 19:00;43,2;64640000,00;1,77
23062;12/07/2023 06:00;64;161333333,33;1,3
23062;12/07/2023 07:45;65,36;167200000,00;1,13
23062;12/07/2023 08:45;66,56;165600000,00;1,13
23062;12/07/2023 11:15;69,2;123200000,00;1,02
23063;10/07/2023 08:00;17,6;4856000,00;1,98
23063;10/07/2023 12:00;18,48;8248000,00;1,97
23063;10/07/2023 16:00;18,96;9413333,33;2,02
23063;10/07/2023 20:00;19,84;16106666,67;2,05
23063;11/07/2023 06:45;26;44666666,67;1,84
23063;11/07/2023 11:00;30,56;65840000,00;1,84
23063;11/07/2023 15:00;37,12;73786666,67;1,74
23063;11/07/2023 19:00;45,04;76080000,00;1,67
23063;12/07/2023 06:00;60,32;141333333,33;1,11
23063;12/07/2023 07:45;63,36;134133333,33;1,06
23063;12/07/2023 08:45;65,04;138133333,33;1,01
23063;12/07/2023 10:00;66,32;169600000,00;0,94
23063;12/07/2023 11:15;68,32;113866666,67;0,9
23063;12/07/2023 13:00;66,24;152800000,00;0,81
23064;11/07/2023 08:00;16,48;5514666,67;1,97
23064;11/07/2023 12:00;16,56;9706666,67;1,94
23064;11/07/2023 16:00;17,68;11626666,67;2,11
23064;11/07/2023 20:00;18,08;17866666,67;2,17
23064;12/07/2023 06:30;27,28;41840000,00;1,96
23064;12/07/2023 10:40;32,8;67520000,00;1,95
23064;12/07/2023 14:30;45,28;92266666,67;1,67
23064;12/07/2023 18:30;55,04;183200000,00;1,43
23064;13/07/2023 06:15;77,6;138400000,00;0,78
23064;13/07/2023 07:15;80,8;172533333,33;0,68
23064;13/07/2023 08:00;81,6;118133333,33;0,61
23064;13/07/2023 10:00;81,6;183200000,00;0,48
23065;11/07/2023 08:00;18,88;4741333,33;1,99
23065;11/07/2023 12:00;19,04;9360000,00;1,86
23065;11/07/2023 16:00;19,92;13896000,00;1,96
23065;11/07/2023 20:00;21,2;15866666,67;2,02
23065;12/07/2023 06:30;28,4;51760000,00;2,01
23065;12/07/2023 10:40;34,72;48933333,33;1,98
23065;12/07/2023 14:30;42,72;84960000,00;1,73
23065;12/07/2023 18:30;52,96;157600000,00;1,6
23065;13/07/2023 06:15;74,8;117866666,67;0,88
23065;13/07/2023 07:15;75,12;136533333,33;0,83
23065;13/07/2023 09:00;74,88;150133333,33;0,68
23065;13/07/2023 11:00;75,04;160533333,33;0,55
23067;17/07/2023 08:00;18,08;6874666,67;1,74
23067;17/07/2023 12:00;18,16;11680000,00;1,94
23067;17/07/2023 16:00;19,2;15546666,67;1,91
23067;17/07/2023 20:00;19,36;27386666,67;2,1
23067;18/07/2023 07:00;27,52;80320000,00;1,82
23067;18/07/2023 11:00;33,52;85866666,67;1,72
23067;18/07/2023 15:00;40,56;122400000,00;1,71
23067;18/07/2023 19:00;47,12;218666666,67;1,35
23067;19/07/2023 06:00;60,48;227733333,33;0,93
23067;19/07/2023 07:15;60,32;144000000,00;0,68
23067;19/07/2023 08:30;61,2;188533333,33;0,83
23067;19/07/2023 09:30;60,72;153333333,33;0,75
23067;19/07/2023 11:30;60,56;154666666,67;0,68
23068;18/07/2023 08:10;16,4;7181333,33;1,81
23068;18/07/2023 12:10;15,44;11840000,00;2,02
23068;18/07/2023 16:10;16,96;18026666,67;1,95
23068;18/07/2023 20:10;18,08;28960000,00;1,98
23068;19/07/2023 06:30;25,68;88266666,67;2,07
23068;19/07/2023 10:30;32,32;83920000,00;1,89
23068;19/07/2023 14:30;43,36;87466666,67;1,68
23068;19/07/2023 18:30;50,08;193066666,67;1,37
23068;20/07/2023 06:15;69,44;195733333,33;0,65
23068;20/07/2023 07:15;72,96;158400000,00;0,73
23068;20/07/2023 09:45;75,68;141866666,67;0,54
23069;18/07/2023 08:10;17,04;6834666,67;1,95
23069;18/07/2023 12:10;16,48;11866666,67;1,81
23069;18/07/2023 16:10;18,24;15813333,33;1,84
23069;18/07/2023 20:10;19,28;22506666,67;2,02
23069;19/07/2023 06:30;25,6;81333333,33;1,95
23069;19/07/2023 10:30;28,88;82266666,67;1,81
23069;19/07/2023 14:30;39,28;56986666,67;1,63
23069;19/07/2023 18:30;46,32;160266666,67;1,54
23069;20/07/2023 06:15;62,96;194933333,33;0,94
23069;20/07/2023 07:15;63,6;153333333,33;0,82
23069;20/07/2023 09:45;64,8;128266666,67;0,7
23066;24/07/2023 09:15;14,64;6189333,33;1,98
23066;24/07/2023 13:00;15,44;11093333,33;1,96
23066;24/07/2023 17:00;16,96;29546666,67;2,14
23066;24/07/2023 21:00;18,56;30826666,67;1,98
23066;25/07/2023 08:40;35,6;123733333,33;1,84
23066;25/07/2023 12:00;42,08;116000000,00;1,58
23066;25/07/2023 16:00;51,52;135733333,33;1,26
23066;25/07/2023 20:00;57,28;121333333,33;1,06
23066;26/07/2023 07:00;66;173066666,67;0,34
23066;26/07/2023 08:10;68,88;172266666,67;0,26
23066;26/07/2023 10:00;65,36;113866666,67;0,18
23070;24/07/2023 09:15;17,52;6085333,33;2,07
23070;24/07/2023 13:00;18,72;11146666,67;1,98
23070;24/07/2023 17:00;19,76;23386666,67;1,99
23070;24/07/2023 21:00;21,52;25333333,33;2,02
23070;25/07/2023 08:40;33,44;80533333,33;1,78
23070;25/07/2023 12:00;38,8;80853333,33;1,72
23070;25/07/2023 16:00;48,56;103200000,00;1,5
23070;25/07/2023 20:00;52,56;120000000,00;1,24
23070;26/07/2023 07:00;61,92;165866666,67;0,74
23070;26/07/2023 08:10;62,72;91200000,00;0,67
23070;26/07/2023 10:00;63,68;110133333,33;0,52
23071;25/07/2023 07:45;18;5533333,33;2,04
23071;25/07/2023 11:20;18,32;8128000,00;1,91
23071;25/07/2023 15:30;19,36;13840000,00;2,03
23071;25/07/2023 19:30;21,28;15973333,33;1,87
23071;26/07/2023 07:20;34;77920000,00;1,83
23071;26/07/2023 11:15;42,32;79226666,67;1,64
23071;26/07/2023 15:20;51,12;80746666,67;1,46
23071;26/07/2023 19:20;60,88;109866666,67;1,21
23071;27/07/2023 06:20;74,88;141066666,67;0,51
23071;27/07/2023 07:20;77,2;173866666,67;0,45
23071;27/07/2023 09:45;77,36;111200000,00;0,26
23072;25/07/2023 07:45;16,64;5365333,33;2,04
23072;25/07/2023 11:20;17,04;8904000,00;1,88
23072;25/07/2023 15:30;18,32;13013333,33;1,9
23072;25/07/2023 19:30;20,32;17386666,67;1,87
23072;26/07/2023 07:20;31,36;78933333,33;1,75
23072;26/07/2023 11:15;38,4;73866666,67;1,65
23072;26/07/2023 15:20;47,28;69733333,33;1,57
23072;26/07/2023 19:20;54,8;110400000,00;1,4
23072;27/07/2023 06:20;69,28;128800000,00;0,63
23072;27/07/2023 07:20;69,04;138400000,00;0,54
23072;27/07/2023 09:45;69,68;80293333,33;0,38
23073;31/07/2023 10:00;17,76;6864000,00;1,97
23073;31/07/2023 14:00;18,32;11093333,33;1,9
23073;31/07/2023 18:00;19,28;27626666,67;2,02
23073;01/08/2023 08:15;32,32;65946666,67;1,7
23073;01/08/2023 12:30;42,72;92800000,00;1,52
23073;01/08/2023 16:30;50,88;182133333,33;1,48
23073;01/08/2023 20:30;55,92;103733333,33;1,23
23073;02/08/2023 07:00;71,6;83520000,00;0,51
23073;02/08/2023 08:45;70,24;148266666,67;0,46
23073;02/08/2023 09:45;71,52;160000000,00;0,4
23073;02/08/2023 11:45;73,84;77173333,33;0,26
23075;31/07/2023 10:00;17,84;6989333,33;1,74
23075;31/07/2023 14:00;18,56;10160000,00;1,78
23075;31/07/2023 18:00;19,6;22053333,33;1,89
23075;01/08/2023 08:15;35,44;85600000,00;1,78
23075;01/08/2023 12:30;39,2;79040000,00;1,54
23075;01/08/2023 16:30;46,24;155200000,00;1,43
23075;01/08/2023 20:30;53,28;75680000,00;1,12
23075;02/08/2023 07:00;68,64;112800000,00;0,57
23075;02/08/2023 08:45;70,48;125866666,67;0,5
23075;02/08/2023 09:45;70,64;148533333,33;0,46
23075;02/08/2023 11:45;75,36;104533333,33;0,3
23074;01/08/2023 00:00;17,28;5005333,33;1,99
23074;01/08/2023 12:20;17,84;11120000,00;2,1
23074;01/08/2023 16:20;19,76;17840000,00;2,07
23074;01/08/2023 20:20;21,92;24213333,33;2,27
23074;02/08/2023 07:20;35,12;100800000,00;2,15
23074;02/08/2023 11:20;40,72;111733333,33;1,93
23074;02/08/2023 15:20;47,36;96266666,67;1,74
23074;02/08/2023 19:20;53,04;117066666,67;1,61
23074;03/08/2023 06:05;59,44;141866666,67;1,03
23074;03/08/2023 07:05;59,28;169066666,67;0,89
23074;03/08/2023 08:40;60,08;184266666,67;0,7
23074;03/08/2023 10:45;59,68;135200000,00;0,54
23076;01/08/2023 08:00;17,92;5776000,00;1,83
23076;01/08/2023 12:20;18,4;7989333,33;1,78
23076;01/08/2023 16:20;20,08;19386666,67;2
23076;01/08/2023 20:20;21,44;17493333,33;1,92
23076;02/08/2023 07:20;31,28;56880000,00;1,78
23076;02/08/2023 11:20;41,04;73226666,67;1,78
23076;02/08/2023 15:20;51,12;74720000,00;1,62
23076;02/08/2023 19:20;58,16;98133333,33;1,33
23076;03/08/2023 06:05;73,76;129333333,33;0,74
23076;03/08/2023 07:05;77,2;176266666,67;0,66
23076;03/08/2023 09:20;77,36;140266666,67;0,58
23077;04/09/2023 12:15;26,24;4506666,67;2,104
23077;04/09/2023 16:15;18,96;10000000,00;1,784
23077;04/09/2023 20:00;20,24;20400000,00;2,032
23077;05/09/2023 06:45;28,48;57280000,00;2,072
23077;05/09/2023 11:00;35,12;66106666,67;1,824
23077;05/09/2023 14:45;42,8;84400000,00;1,968
23077;05/09/2023 18:45;49,36;138133333,33;1,896
23077;06/09/2023 06:20;66,72;120000000,00;1,16
23077;06/09/2023 07:40;67,36;128800000,00;0,856
23077;06/09/2023 10:00;67,76;137600000,00;0,848
23077;06/09/2023 11:00;67,92;155200000,00;0,76
23077;06/09/2023 11:45;70,96;157866666,67;0,752
23077;06/09/2023 13:00;70,56;165333333,33;0,76
23078;04/09/2023 08:10;18;6677333,33;1,944
23078;04/09/2023 12:00;18,64;10906666,67;2,216
23078;04/09/2023 16:00;20,32;11066666,67;1,568
23078;04/09/2023 20:00;21,2;22826666,67;2,048
23078;05/09/2023 06:45;29,84;71760000,00;1,232
23078;05/09/2023 11:00;36,32;70560000,00;1,728
23078;05/09/2023 14:45;43,92;78000000,00;1,736
23078;05/09/2023 18:45;4,96;116533333,33;1,504
23078;06/09/2023 06:20;69,04;88506666,67;0,808
23078;06/09/2023 07:40;70,56;105866666,67;0,68
23078;06/09/2023 09:00;73,2;147200000,00;0,656
23078;06/09/2023 11:00;76,4;166133333,33;0,568
23079;05/09/2023 08:30;18,64;5282666,67;1,88
23079;05/09/2023 12:30;19,92;6930666,67;1,88
23079;05/09/2023 16:30;20,72;14933333,33;2,144
23079;05/09/2023 20:30;22,32;23920000,00;2,024
23079;06/09/2023 06:45;31,6;53626666,67;1,64
23079;06/09/2023 10:45;36,88;62453333,33;1,624
23079;06/09/2023 14:45;46,32;74106666,67;1,456
23079;06/09/2023 18:45;54,24;131200000,00;1,24
23079;07/09/2023 06:30;74,24;131200000,00;0,632
23079;07/09/2023 07:40;79,92;116266666,67;0,576
23079;07/09/2023 09:00;84,8;145600000,00;0,56
23079;07/09/2023 10:35;81,6;132800000,00;NA
23080;05/09/2023 08:30;18,8;5333333,33;1,944
23080;05/09/2023 12:30;19,2;8170666,67;1,52
23080;05/09/2023 16:30;20,08;14400000,00;2,016
23080;05/09/2023 20:30;21,68;22266666,67;2,136
23080;06/09/2023 06:45;31,04;52480000,00;1,616
23080;06/09/2023 10:45;37,76;67173333,33;1,776
23080;06/09/2023 14:45;48,16;83200000,00;1,424
23080;06/09/2023 18:45;58;59253333,33;1,192
23080;07/09/2023 06:30;77,04;130133333,33;0,56
23080;07/09/2023 07:40;83,2;129866666,67;0,568
23080;07/09/2023 10:00;82,4;126133333,33;0,56
P23363;06/09/2023 14:45;21,6;5504000,00;1,512
P23363;06/09/2023 18:45;21,68;13866666,67;1,648
P23363;07/09/2023 06:30;28,08;33413333,33;1,64
P23363;07/09/2023 10:30;33,04;53066666,67;1,688
P23363;07/09/2023 14:30;39,92;50160000,00;1,48
P23363;07/09/2023 18:30;48,56;68373333,33;1,56
P23363;08/09/2023 08:00;74,16;115466666,67;0,768
P23363;08/09/2023 10:00;74,4;115466666,67;0,808
P23363;08/09/2023 11:00;76,08;162400000,00;0,712
P23363;08/09/2023 12:00;77,92;152000000,00;0,608
P23363;08/09/2023 13:15;77,12;99466666,67;0,624
P23363;08/09/2023 15:30;84,8;165066666,67;0,368
23081;13/09/2023 07:55;18,24;5408000,00;1,592
23081;13/09/2023 11:55;18,32;8856000,00;1,376
23081;13/09/2023 15:55;19,28;10480000,00;1,576
23081;13/09/2023 19:55;20,16;24560000,00;1,512
23081;14/09/2023 06:45;25,36;54426666,67;1,304
23081;14/09/2023 10:45;32,08;70773333,33;1,152
23081;14/09/2023 14:45;33,28;69386666,67;1,104
23081;14/09/2023 18:45;36,16;76106666,67;0,984
23081;15/09/2023 06:40;45,6;116266666,67;0,84
23081;15/09/2023 07:40;49,36;104000000,00;0,816
23081;15/09/2023 08:40;48,96;112000000,00;0,808
23081;15/09/2023 09:50;50,72;109066666,67;0,768
23081;15/09/2023 11:30;50,8;99200000,00;NA
23082;13/09/2023 07:55;16,32;3589333,33;2,208
23082;13/09/2023 11:55;17,04;6853333,33;1,968
23082;13/09/2023 15:55;18,48;8666666,67;1,968
23082;13/09/2023 19:55;19,92;17173333,33;2,144
23082;14/09/2023 06:45;28,56;55840000,00;1,792
23082;14/09/2023 10:45;39,68;62933333,33;1,504
23082;14/09/2023 14:45;45,68;48986666,67;1,456
23082;14/09/2023 18:45;53,36;53360000,00;1,176
23082;15/09/2023 06:40;52,48;128266666,67;0,888
23082;15/09/2023 07:40;56,8;124266666,67;0,96
23082;15/09/2023 08:40;59,76;117866666,67;0,84
23082;15/09/2023 10:10;59,44;128533333,33;0,808
23082;15/09/2023 11:10;60,32;113600000,00;0,76
23082;15/09/2023 12:00;65,04;150133333,33;0,68
23082;15/09/2023 13:00;67,68;155466666,67;0,568
23082;15/09/2023 15:00;74,24;95466666,67;0,448
23083;12/09/2023 08:40;16,96;7296000,00;1,88
23083;12/09/2023 12:40;17,36;13333333,33;2,312
23083;12/09/2023 16:40;18,4;15013333,33;2,136
23083;12/09/2023 20:40;20,08;26800000,00;2,568
23083;13/09/2023 06:30;28,96;80960000,00;2,152
23083;13/09/2023 10:30;35,76;82346666,67;2,248
23083;13/09/2023 14:30;42,08;92000000,00;1,84
23083;13/09/2023 18:30;48,24;163733333,33;1,784
23083;14/09/2023 06:30;52,56;108000000,00;1,408
23083;14/09/2023 07:40;54,16;70400000,00;1,272
23083;14/09/2023 10:30;53,84;103466666,67;1,136
23084;12/09/2023 08:40;17,44;5872000,00;1,768
23084;12/09/2023 12:40;18,08;10160000,00;2,216
23084;12/09/2023 16:40;18,24;12933333,33;1,92
23084;12/09/2023 20:40;21,28;26000000,00;2,224
23084;13/09/2023 06:30;33,12;61120000,00;1,824
23084;13/09/2023 10:30;41,84;66853333,33;1,728
23084;13/09/2023 14:30;49,76;76053333,33;1,512
23084;13/09/2023 18:30;57,84;79093333,33;1,264
23084;14/09/2023 06:30;73,92;141866666,67;0,52
23084;14/09/2023 07:40;80,8;97600000,00;0,416
23084;14/09/2023 09:00;80;187466666,67;0,336
23084;14/09/2023 10:00;83,2;139733333,33;0
23084;14/09/2023 14:00;79,44;114933333,33;0
23085;25/09/2023 09:00;16,32;5656000,00;2,096
23085;25/09/2023 13:00;16,88;6218666,67;1,936
23085;25/09/2023 17:00;17,68;11200000,00;1,944
23085;25/09/2023 21:00;19,68;26800000,00;1,768
23085;26/09/2023 08:30;32,32;56426666,67;1,576
23085;26/09/2023 12:30;37,12;84533333,33;1,688
23085;26/09/2023 16:30;44,32;84240000,00;1,424
23085;26/09/2023 20:30;51,04;92266666,67;1,2
23085;27/09/2023 07:10;64,72;128533333,33;0,824
23085;27/09/2023 08:10;63,28;137066666,67;0,624
23085;27/09/2023 09:10;64,8;158666666,67;0,664
23085;27/09/2023 11:15;65,92;133866666,67;0,552
23085;27/09/2023 13:00;63,76;131733333,33;0,52
23086;25/09/2023 09:00;16,16;5314666,67;2,048
23086;25/09/2023 13:00;17,12;15493333,33;1,712
23086;25/09/2023 17:00;17,92;14960000,00;1,76
23086;25/09/2023 21:00;18,56;26666666,67;1,808
23086;26/09/2023 08:30;31,52;48560000,00;1,72
23086;26/09/2023 12:30;36,08;78506666,67;1,832
23086;26/09/2023 16:30;43,6;59866666,67;1,424
23086;26/09/2023 20:30;50,64;94133333,33;1,312
23086;27/09/2023 07:10;59,92;123200000,00;0,88
23086;27/09/2023 08:10;63,6;141600000,00;0,784
23086;27/09/2023 09:10;62,72;161600000,00;0,792
23086;27/09/2023 10:05;64,24;124000000,00;0,704
23086;27/09/2023 11:45;67,2;122666666,67;0,56
23087;26/09/2023 09:45;18,32;6346666,67;2,248
23087;26/09/2023 13:45;19,36;11413333,33;2,312
23087;26/09/2023 17:45;21,2;19040000,00;2,064
23087;27/09/2023 07:30;29,2;51413333,33;1,816
23087;27/09/2023 11:30;36,32;72186666,67;1,688
23087;27/09/2023 15:30;48,72;54453333,33;1,448
23087;27/09/2023 19:30;50,88;75493333,33;1,248
23087;28/09/2023 08:00;65,6;123200000,00;0,688
23087;28/09/2023 09:00;69,36;140000000,00;0,544
23087;28/09/2023 10:00;70,56;131466666,67;0,432
23087;28/09/2023 12:00;73,28;154400000,00;0,352
23088;26/09/2023 09:45;18,96;5312000,00;2,088
23088;26/09/2023 13:45;19,12;9973333,33;1,944
23088;26/09/2023 17:45;20,32;11440000,00;1,864
23088;27/09/2023 07:30;36;118666666,67;1,872
23088;27/09/2023 11:30;42,88;114933333,33;1,592
23088;27/09/2023 15:30;45,28;69600000,00;0,448
23088;27/09/2023 19:00;53,76;96266666,67;0,536
23088;28/09/2023 08:00;72,4;126666666,67;0,688
23088;28/09/2023 09:00;74,8;123733333,33;0,52
23088;28/09/2023 10:00;76,64;148800000,00;0,456
23088;28/09/2023 11:00;77,84;158400000,00;0,408
23088;28/09/2023 13:10;76,96;86400000,00;0,312
23089;02/10/2023 08:45;18,32;3794666,67;2,064
23089;02/10/2023 12:45;18,8;7325333,33;1,872
23089;02/10/2023 16:45;20,64;7034666,67;1,888
23089;02/10/2023 20:45;22;23200000,00;NA
23089;03/10/2023 07:15;29,92;58213333,33;1,808
23089;03/10/2023 11:15;35,6;97333333,33;1,8
23089;03/10/2023 15:15;43,12;92000000,00;1,456
23089;03/10/2023 19:15;48,8;112800000,00;1,312
23089;04/10/2023 06:30;58,56;214400000,00;0,808
23089;04/10/2023 08:00;63,04;147200000,00;0,672
23089;04/10/2023 11:45;64,08;62613333,33;0,552
23090;02/10/2023 08:45;17,68;3552000,00;1,832
23090;02/10/2023 12:45;17,76;7120000,00;1,992
23090;02/10/2023 16:45;18,88;14533333,33;2,04
23090;02/10/2023 20:45;20,08;16080000,00;2,008
23090;03/10/2023 07:15;26,24;41280000,00;1,848
23090;03/10/2023 11:15;30,24;70720000,00;1,888
23090;03/10/2023 15:15;36,72;93066666,67;1,76
23090;03/10/2023 19:15;44,08;112000000,00;1,616
23090;04/10/2023 06:30;60;152800000,00;1,08
23090;04/10/2023 08:00;61,04;144800000,00;0,976
23090;04/10/2023 09:45;60,08;141066666,67;1,008
23090;04/10/2023 11:45;63,44;122133333,33;0,744
23091;03/10/2023 08:45;14,56;4888000,00;1,464
23091;03/10/2023 12:45;15,76;8773333,33;1,208
23091;03/10/2023 16:45;16,64;13626666,67;1,416
23091;03/10/2023 20:45;18;20720000,00;1,288
23091;04/10/2023 07:15;26,48;65066666,67;1,2
23091;04/10/2023 11:30;36;99733333,33;1,008
23091;04/10/2023 15:15;44,72;95733333,33;0,92
23091;04/10/2023 19:40;51,92;132800000,00;0,672
23091;05/10/2023 06:30;68;85653333,33;0
23091;05/10/2023 07:30;65,68;139733333,33;0
23091;05/10/2023 08:30;65,12;126400000,00;0
23092;03/10/2023 08:45;18,56;4402666,67;2,368
23092;03/10/2023 12:45;19,12;7789333,33;2,288
23092;03/10/2023 16:45;21,2;12586666,67;2,464
23092;03/10/2023 20:45;22,4;15813333,33;2,232
23092;04/10/2023 07:15;31,12;50560000,00;2,088
23092;04/10/2023 11:30;37,68;95200000,00;1,968
23092;04/10/2023 15:15;47,44;86133333,33;1,592
23092;04/10/2023 19:40;54,08;81866666,67;1,512
23092;05/10/2023 06:30;69,68;105866666,67;1,032
23092;05/10/2023 07:30;70,4;115200000,00;0,936
23092;05/10/2023 08:30;72,16;132533333,33;0,936
23092;05/10/2023 09:40;74;147466666,67;0,912
23092;05/10/2023 10:30;74,4;161866666,67;0,824
23092;05/10/2023 12:15;75,12;148000000,00;0,728
23093;27/09/2023 15:00;21,84;5885333,33;1,72
23093;27/09/2023 19:00;21,36;11733333,33;1,856
23093;28/09/2023 08:00;25,76;29573333,33;1,992
23093;28/09/2023 12:00;29,52;45013333,33;1,624
23093;28/09/2023 16:00;33,52;56133333,33;1,544
23093;28/09/2023 20:00;40,16;78080000,00;1,52
23093;29/09/2023 08:00;64,48;139200000,00;1,088
23093;29/09/2023 10:45;71,76;131466666,67;0,824
23093;29/09/2023 12:45;73,12;116266666,67;0,728
23093;29/09/2023 13:10;71,36;145333333,33;0,672
23093;29/09/2023 15:00;74,32;108533333,33;0,464
23094;09/10/2023 14:00;18,08;3189333,33;1,68
23094;09/10/2023 18:00;18;5488000,00;1,784
23094;10/10/2023 07:00;19,12;12826666,67;2,12
23094;10/10/2023 11:15;20,08;19973333,33;1,752
23094;10/10/2023 15:15;22,56;24720000,00;1,736
23094;10/10/2023 19:15;24,48;37360000,00;1,768
23094;11/10/2023 09:00;38,96;90933333,33;1,456
23094;11/10/2023 11:00;41,52;99200000,00;1,384
23094;11/10/2023 12:35;42,8;100000000,00;1,464
23094;11/10/2023 15:00;46,4;88800000,00;1,352
23095;09/10/2023 14:00;13,36;3250666,67;1,616
23095;09/10/2023 18:00;13,04;5330666,67;1,912
23095;10/10/2023 07:00;14,32;9626666,67;1,896
23095;10/10/2023 11:15;15,44;16320000,00;1,744
23095;10/10/2023 15:15;18,48;23893333,33;1,648
23095;10/10/2023 19:15;21,92;39333333,33;1,704
23095;11/10/2023 09:00;40,72;97866666,67;1,472
23095;11/10/2023 11:00;44,8;116800000,00;1,416
23095;11/10/2023 12:35;44,32;118933333,33;1,376
23095;11/10/2023 15:15;50,24;119466666,67;1,24
23096;17/10/2023 10:00;15,12;5464000,00;1,904
23096;17/10/2023 14:00;15,68;7810666,67;1,904
23096;17/10/2023 18:00;16,24;13066666,67;1,888
23096;18/10/2023 06:45;24,56;49786666,67;1,8
23096;18/10/2023 11:00;31,04;61706666,67;1,792
23096;18/10/2023 15:00;37,6;85466666,67;1,624
23096;18/10/2023 19:00;46,4;90266666,67;1,536
23096;19/10/2023 07:30;63,28;118133333,33;0,624
23096;19/10/2023 08:30;63,2;120000000,00;0,736
23096;19/10/2023 09:00;63,28;133866666,67;0,656
23096;19/10/2023 10:00;62,88;142400000,00;0,704
23096;19/10/2023 11:00;64,64;117333333,33;0,608
23097;17/10/2023 10:00;18,72;4616000,00;1,92
23097;17/10/2023 14:00;18,32;7002666,67;1,704
23097;17/10/2023 18:00;19,52;11866666,67;1,928
23097;18/10/2023 06:45;29,04;55706666,67;1,696
23097;18/10/2023 11:00;36,56;56986666,67;1,728
23097;18/10/2023 15:00;45,92;80026666,67;1,568
23097;18/10/2023 19:00;52,88;103200000,00;1,32
23097;19/10/2023 07:30;66;122666666,67;0,504
23097;19/10/2023 08:30;67,68;107200000,00;0,536
23097;19/10/2023 09:00;68,72;119466666,67;0,528
23097;19/10/2023 11:00;70,48;138133333,33;0,456
23098;17/10/2023 10:00;16,56;5162666,67;1,856
23098;17/10/2023 14:00;16,48;6957333,33;1,896
23098;17/10/2023 18:00;18,08;13440000,00;1,904
23098;18/10/2023 06:45;24,48;43573333,33;1,84
23098;18/10/2023 11:00;35,44;73306666,67;1,72
23098;18/10/2023 15:00;45,28;83946666,67;1,608
23098;18/10/2023 19:00;53,2;68560000,00;1,36
23098;19/10/2023 07:30;78;104533333,33;0,552
23098;19/10/2023 08:30;80,8;88800000,00;0,52
23098;19/10/2023 09:00;81,04;101600000,00;0,52
23098;19/10/2023 11:00;83,2;114133333,33;0,408
23099;23/10/2023 10:20;21,76;4410666,67;2,056
23099;23/10/2023 14:20;23,6;5616000,00;1,784
23099;23/10/2023 18:20;23,84;8826666,67;1,76
23099;24/10/2023 06:40;35,04;66773333,33;1,632
23099;24/10/2023 10:45;42,72;91733333,33;1,6
23099;24/10/2023 14:45;49,28;90133333,33;1,536
23099;24/10/2023 18:45;57,84;91733333,33;1,328
23099;25/10/2023 07:00;75,68;153600000,00;0,792
23099;25/10/2023 08:15;74;134933333,33;0,688
23099;25/10/2023 09:00;73,36;195466666,67;0,64
23099;25/10/2023 10:30;77,92;196266666,67;0,496
23099;25/10/2023 12:00;78,8;219466666,67;0,424
23100;23/10/2023 10:20;22;3888000,00;NA
23100;23/10/2023 14:20;22,64;5680000,00;NA
23100;23/10/2023 18:20;24,08;7152000,00;NA
23100;24/10/2023 06:40;32,32;64293333,33;NA
23100;24/10/2023 10:45;37,68;95200000,00;NA
23100;24/10/2023 14:45;43,76;83466666,67;NA
23100;24/10/2023 18:45;49,6;82133333,33;NA
23100;25/10/2023 07:00;69,36;140000000,00;NA
23100;25/10/2023 08:15;68,88;121333333,33;NA
23100;25/10/2023 09:30;74,48;144266666,67;NA
23100;25/10/2023 11:20;70,32;173333333,33;NA
23101;24/10/2023 07:45;17,84;4765333,33;NA
23101;24/10/2023 11:45;18,64;6117333,33;NA
23101;24/10/2023 15:45;19,84;7976000,00;NA
23101;24/10/2023 19:45;20,56;7802666,67;NA
23101;25/10/2023 06:45;28,32;29813333,33;NA
23101;25/10/2023 10:45;34,24;64053333,33;NA
23101;25/10/2023 14:45;40,48;70373333,33;NA
23101;25/10/2023 20:00;48,08;95733333,33;NA
23101;26/10/2023 06:30;69,52;168800000,00;NA
23101;26/10/2023 08:00;68,88;188000000,00;NA
23101;26/10/2023 10:10;71,36;205333333,33;NA
23102;24/10/2023 07:45;19,36;5154666,67;NA
23102;24/10/2023 11:45;20,08;7501333,33;NA
23102;24/10/2023 15:45;19,92;11013333,33;NA
23102;24/10/2023 19:45;22;11360000,00;NA
23102;25/10/2023 06:45;31,76;43786666,67;NA
23102;25/10/2023 10:45;37,12;94933333,33;NA
23102;25/10/2023 14:45;46,72;118933333,33;NA
23102;25/10/2023 18:45;54;144266666,67;NA
23102;26/10/2023 06:30;78,88;174133333,33;NA
23102;26/10/2023 07:10;80;183466666,67;NA
23102;26/10/2023 09:30;79,36;200266666,67;NA
23103;31/10/2023 10:30;17,04;3893333,33;NA
23103;31/10/2023 14:30;17,68;6133333,33;NA
23103;31/10/2023 18:30;18,64;10160000,00;NA
23103;02/11/2023 07:00;75,28;154933333,33;NA
23103;02/11/2023 09:00;76,08;180266666,67;NA
23103;02/11/2023 11:15;81,6;178666666,67;NA
23104;31/10/2023 10:30;16,4;6077333,33;NA
23104;31/10/2023 14:30;16,8;906666,67;NA
23104;31/10/2023 18:30;17,76;15200000,00;NA
23104;02/11/2023 07:00;80,8;159466666,67;NA
23104;02/11/2023 09:00;81,6;180533333,33;NA
23104;02/11/2023 10:45;84,8;147466666,67;NA
23105;31/10/2023 10:30;14,88;3581333,33;NA
23105;31/10/2023 14:30;15,36;6053333,33;NA
23105;31/10/2023 18:30;16,48;10373333,33;NA
23105;02/11/2023 07:00;62,8;141333333,33;NA
23105;02/11/2023 09:00;84;172266666,67;NA
23105;02/11/2023 09:15;84;157066666,67;NA
23105;02/11/2023 11:15;87,2;184000000,00;NA
23106;25/10/2023 13:30;20,8;816000,00;NA
23106;25/10/2023 17:30;20,08;11386666,67;NA
23106;26/10/2023 06:15;25,68;38986666,67;NA
23106;26/10/2023 10:15;29,68;65813333,33;NA
23106;26/10/2023 14:15;35,92;88800000,00;NA
23106;26/10/2023 18:15;43,68;108266666,67;NA
23106;27/10/2023 07:30;73,36;195466666,67;NA
23106;27/10/2023 09:00;70,24;183733333,33;NA
23106;27/10/2023 10:45;71,84;213333333,33;NA
23107;25/10/2023 15:00;23,2;8394666,67;NA
23107;25/10/2023 19:00;24;14346666,67;NA
23107;26/10/2023 06:15;26,88;43200000,00;NA
23107;26/10/2023 10:15;29,28;58986666,67;NA
23107;26/10/2023 14:15;35,44;70986666,67;NA
23107;26/10/2023 18:15;43,52;67706666,67;NA
23107;27/10/2023 07:30;69,28;152000000,00;NA
23107;27/10/2023 09:00;68,56;150666666,67;NA
23107;27/10/2023 10:30;71,04;164533333,33;NA
23107;27/10/2023 11:20;71,28;162933333,33;NA
23107;27/10/2023 13:30;75,36;168533333,33;NA
23108;06/11/2023 09:30;19,44;6005333,33;NA
23108;06/11/2023 13:30;19,84;10053333,33;NA
23108;06/11/2023 17:30;20,64;14800000,00;NA
23108;07/11/2023 07:00;34,56;72560000,00;NA
23108;07/11/2023 11:00;40,48;92266666,67;NA
23108;07/11/2023 15:00;49,04;147466666,67;NA
23108;07/11/2023 19:00;57,36;154933333,33;NA
23108;08/11/2023 06:30;72,88;226933333,33;NA
23108;08/11/2023 07:30;74,96;201333333,33;NA
23108;08/11/2023 09:00;75,6;195733333,33;NA
23108;08/11/2023 10:45;71,92;215466666,67;NA
23108;08/11/2023 12:40;75,52;221866666,67;NA
23109;06/11/2023 09:30;18,48;6613333,33;NA
23109;06/11/2023 13:30;18,88;10933333,33;NA
23109;06/11/2023 17:30;19,92;18240000,00;NA
23109;07/11/2023 07:00;32,08;72720000,00;NA
23109;07/11/2023 11:00;39,44;89333333,33;NA
23109;07/11/2023 15:00;48,4;130400000,00;NA
23109;07/11/2023 19:00;58;156000000,00;NA
23109;08/11/2023 06:30;78,24;173866666,67;NA
23109;08/11/2023 07:30;78,48;202133333,33;NA
23109;08/11/2023 09:50;74,96;234133333,33;NA
23109;08/11/2023 11:20;71,68;196266666,67;NA
23110;07/11/2023 12:00;17,68;6040000,00;NA
23110;07/11/2023 16:00;18;8088000,00;NA
23110;07/11/2023 20:00;18,72;14320000,00;NA
23110;08/11/2023 06:45;25,68;51280000,00;NA
23110;08/11/2023 10:45;29,68;78480000,00;NA
23110;08/11/2023 14:45;38,96;85066666,67;NA
23110;08/11/2023 18:45;49,68;114666666,67;NA
23110;09/11/2023 07:00;74,32;192533333,33;NA
23110;09/11/2023 08:00;79,44;183466666,67;NA
23110;09/11/2023 09:10;81,6;199200000,00;NA
23110;09/11/2023 10:00;80,08;195200000,00;NA
23110;09/11/2023 11:15;84;176800000,00;NA
23111;07/11/2023 12:00;17,6;5621333,33;NA
23111;07/11/2023 16:00;18,4;8160000,00;NA
23111;07/11/2023 20:00;19,04;11386666,67;NA
23111;08/11/2023 06:45;25,04;49440000,00;NA
23111;08/11/2023 10:45;30,24;77520000,00;NA
23111;08/11/2023 14:45;39,04;8986666,67;NA
23111;08/11/2023 18:45;49,12;79973333,33;NA
23111;09/11/2023 07:00;73,36;184266666,67;NA
23111;09/11/2023 08:00;74,64;179466666,67;NA
23111;09/11/2023 09:10;74,24;195200000,00;NA
23111;09/11/2023 11:15;79,36;172000000,00;NA
23112;13/11/2023 09:30;18;5885333,33;NA
23112;13/11/2023 13:30;18;8178666,67;NA
23112;13/11/2023 17:30;19,2;16160000,00;NA
23112;14/11/2023 08:00;31,6;76754666,67;NA
23112;14/11/2023 12:00;38,72;83866666,67;NA
23112;14/11/2023 16:00;51,76;114666666,67;NA
23112;14/11/2023 20:00;57,68;84933333,33;NA
23112;15/11/2023 06:45;71,68;189333333,33;NA
23112;15/11/2023 07:45;75,76;180266666,67;NA
23112;15/11/2023 09:45;75,92;167466666,67;NA
23112;15/11/2023 11:15;76,16;183733333,33;NA
23113;13/11/2023 09:30;17,6;5920000,00;NA
23113;13/11/2023 13:30;17,6;9093333,33;NA
23113;13/11/2023 17:30;19,28;15893333,33;NA
23113;14/11/2023 08:00;31,92;68453333,33;NA
23113;14/11/2023 12:00;39,6;7408000,00;NA
23113;14/11/2023 16:00;54,64;74666666,67;NA
23113;14/11/2023 20:00;60,24;106933333,33;NA
23113;15/11/2023 06:45;76,08;143466666,67;NA
23113;15/11/2023 07:45;79,2;169600000,00;NA
23113;15/11/2023 08:45;78,4;192000000,00;NA
23113;15/11/2023 10:35;79,76;209866666,67;NA
23113;15/11/2023 12:30;83,2;242933333,33;NA
23114;14/11/2023 08:00;15,28;6701333,33;NA
23114;14/11/2023 12:00;15,68;7994666,67;NA
23114;14/11/2023 16:00;17,2;12266666,67;NA
23114;14/11/2023 20:00;18,32;19226666,67;NA
23114;15/11/2023 06:45;30,24;73040000,00;NA
23114;15/11/2023 10:45;37,44;70480000,00;NA
23114;15/11/2023 14:45;49,68;114933333,33;NA
23114;15/11/2023 18:45;58,16;123200000,00;NA
23114;16/11/2023 06:30;77,76;180266666,67;NA
23114;16/11/2023 07:30;78,56;127200000,00;NA
23114;16/11/2023 10:00;77,84;213866666,67;NA
23115;08/11/2023 17:35;20,56;17760000,00;NA
23115;09/11/2023 07:00;24,88;44186666,67;NA
23115;09/11/2023 11:00;30,08;72666666,67;NA
23115;09/11/2023 15:00;37,52;90133333,33;NA
23115;09/11/2023 19:00;47,12;100800000,00;NA
23115;10/11/2023 07:00;77,12;169066666,67;NA
23115;10/11/2023 08:10;78,96;199200000,00;NA
23115;10/11/2023 09:30;80;166933333,33;NA
23115;10/11/2023 11:15;78,56;186400000,00;NA
23116;08/11/2023 14:45;20,16;1146666,67;NA
23116;08/11/2023 18:45;20,32;16720000,00;NA
23116;09/11/2023 07:00;25,76;52853333,33;NA
23116;09/11/2023 11:00;30,48;75173333,33;NA
23116;09/11/2023 15:00;38,72;102666666,67;NA
23116;09/11/2023 19:00;47,12;113600000,00;NA
23116;10/11/2023 07:00;77,04;181600000,00;NA
23116;10/11/2023 08:10;76,64;185866666,67;NA
23116;10/11/2023 10:30;79,44;228800000,00;NA
P23462;14/11/2023 08:00;13,6;9520000,00;NA
P23462;14/11/2023 12:00;14,24;10933333,33;NA
P23462;14/11/2023 16:00;15,76;14666666,67;NA
P23462;14/11/2023 20:00;17,6;22186666,67;NA
P23462;15/11/2023 06:45;31,04;100800000,00;NA
P23462;15/11/2023 10:45;40,24;123733333,33;NA
P23462;15/11/2023 14:45;51,76;195733333,33;NA
P23462;15/11/2023 18:45;60,24;180266666,67;NA
P23462;16/11/2023 06:30;72,96;213600000,00;NA
P23462;16/11/2023 07:30;73,92;201066666,67;NA
P23462;16/11/2023 09:30;72,96;218666666,67;NA
23117;14/11/2023 08:00;17,12;5712000,00;NA
23117;14/11/2023 12:00;17,76;7061333,33;NA
23117;14/11/2023 16:00;21,04;10133333,33;NA
23117;14/11/2023 20:00;20,96;21226666,67;NA
23117;15/11/2023 06:45;35,92;64933333,33;NA
23117;15/11/2023 10:45;46,48;59973333,33;NA
23117;15/11/2023 14:45;58;110133333,33;NA
23117;15/11/2023 18:45;73,76;121600000,00;NA
23117;16/11/2023 06:30;89,6;184800000,00;NA
23117;16/11/2023 07:30;90,4;197600000,00;NA
23117;16/11/2023 09:30;88,8;201866666,67;NA
23122;15/11/2023 13:35;19,44;9120000,00;NA
23122;15/11/2023 17:35;19,44;13040000,00;NA
23122;16/11/2023 06:45;25,36;50053333,33;NA
23122;16/11/2023 10:45;30,32;66000000,00;NA
23122;16/11/2023 14:45;41,84;85066666,67;NA
23122;16/11/2023 18:45;50,64;111466666,67;NA
23122;17/11/2023 06:45;78,8;176533333,33;NA
23122;17/11/2023 07:45;81,6;195466666,67;NA
23122;17/11/2023 08:45;82,4;199200000,00;NA
23122;17/11/2023 10:40;82,4;205600000,00;NA
23123;15/11/2023 14:30;17,44;10053333,33;NA
23123;15/11/2023 18:30;17,36;13333333,33;NA
23123;16/11/2023 06:45;23,2;56346666,67;NA
23123;16/11/2023 10:45;28,16;73600000,00;NA
23123;16/11/2023 14:45;41,28;97333333,33;NA
23123;16/11/2023 18:45;51,92;107466666,67;NA
23123;17/11/2023 06:45;80,8;179466666,67;NA
23123;17/11/2023 07:45;82,4;186133333,33;NA
23123;17/11/2023 08:45;81,6;195466666,67;NA
23123;17/11/2023 10:40;82,4;191733333,33;NA
23118;20/11/2023 08:30;16,64;6501333,33;NA
23118;20/11/2023 12:30;16,96;10640000,00;NA
23118;20/11/2023 16:30;18,88;15413333,33;NA
23118;20/11/2023 20:30;18,4;25760000,00;NA
23118;21/11/2023 08:00;36;92266666,67;NA
23118;21/11/2023 12:00;45,36;115733333,33;NA
23118;21/11/2023 16:00;55,52;120000000,00;NA
23118;21/11/2023 20:00;66,32;144800000,00;NA
23118;22/11/2023 06:45;74,56;229066666,67;NA
23118;22/11/2023 07:30;76,64;250133333,33;NA
23118;22/11/2023 08:20;75,2;243733333,33;NA
23118;22/11/2023 10:00;76,56;206400000,00;NA
23118;22/11/2023 12:00;75,92;247200000,00;NA
23119;20/11/2023 08:30;19,52;6602666,67;NA
23119;20/11/2023 12:30;20,4;11680000,00;NA
23119;20/11/2023 16:30;21,44;17306666,67;NA
23119;20/11/2023 20:30;22,48;27813333,33;NA
23119;21/11/2023 08:00;37,84;101866666,67;NA
23119;21/11/2023 12:00;44,48;124533333,33;NA
23119;21/11/2023 16:00;53,84;130666666,67;NA
23119;21/11/2023 20:00;61,28;140800000,00;NA
23119;22/11/2023 06:45;73,76;180800000,00;NA
23119;22/11/2023 07:30;73,52;185066666,67;NA
23119;22/11/2023 10:00;75,52;123466666,67;NA
23119;22/11/2023 11:30;74,48;185066666,67;NA
23120;21/11/2023 08:20;19,36;5653333,33;NA
23120;21/11/2023 12:20;19,28;8320000,00;NA
23120;21/11/2023 16:20;20,24;14986666,67;NA
23120;21/11/2023 20:20;21,52;24026666,67;NA
23120;22/11/2023 07:00;33,52;90666666,67;NA
23120;22/11/2023 11:00;41,84;101066666,67;NA
23120;22/11/2023 15:00;51,28;112266666,67;NA
23120;22/11/2023 19:00;61,84;172000000,00;NA
23120;23/11/2023 06:50;85,6;167733333,33;NA
23121;21/11/2023 08:20;12,56;8266666,67;NA
23121;21/11/2023 12:20;13,44;12346666,67;NA
23121;21/11/2023 16:20;13,92;15973333,33;NA
23121;21/11/2023 20:20;15,76;23920000,00;NA
23121;22/11/2023 07:00;28,4;94400000,00;NA
23121;22/11/2023 11:00;36,32;116533333,33;NA
23121;22/11/2023 15:00;47,04;140000000,00;NA
23121;22/11/2023 19:00;58,96;145866666,67;NA
23121;23/11/2023 06:50;83,2;223733333,33;NA
23129;23/11/2023 07:00;30,32;64800000,00;1,136
23129;23/11/2023 11:00;37,68;65280000,00;1,16
23129;23/11/2023 15:00;44,8;69013333,33;1,104
23129;23/11/2023 19:00;55,92;111200000,00;0,92
23129;24/11/2023 06:45;74,72;226133333,33;0,288
23129;24/11/2023 07:45;75,36;234666666,67;0,256
23129;24/11/2023 10:00;75,52;179200000,00;0,184
23130;23/11/2023 07:00;30,32;64800000,00;1,136
23130;23/11/2023 11:00;34,64;90933333,33;1,56
23130;23/11/2023 15:00;47,6;101600000,00;1,616
23130;23/11/2023 19:00;51,84;104000000,00;1,384
23130;24/11/2023 06:45;72,96;193333333,33;0,784
23130;24/11/2023 07:45;73,92;187466666,67;0,76
23130;24/11/2023 08:30;74,08;196800000,00;0,696
23130;24/11/2023 10:15;75,04;169866666,67;0,592
23124;27/11/2023 08:00;17,6;5512000,00;1,664
23124;27/11/2023 12:00;17,52;10773333,33;1,856
23124;27/11/2023 16:00;18,16;14826666,67;1,872
23124;27/11/2023 20:00;19,52;24026666,67;1,832
23124;28/11/2023 07:30;29,12;78853333,33;1,664
23124;28/11/2023 11:30;36,8;112000000,00;1,528
23124;28/11/2023 15:30;46,8;132533333,33;1,408
23124;28/11/2023 19:30;54;161333333,33;1,176
23124;29/11/2023 06:30;69,2;202400000,00;0,744
23124;29/11/2023 07:30;70,08;213333333,33;0,688
23124;29/11/2023 08:30;73,28;218400000,00;0,616
23124;29/11/2023 10:15;74,48;201333333,33;0,536
23125;27/11/2023 08:00;19,52;5197333,33;1,792
23125;27/11/2023 12:00;19,6;8400000,00;1,8
23125;27/11/2023 16:00;20,32;13173333,33;1,784
23125;27/11/2023 20:00;21,68;20773333,33;1,976
23125;29/11/2023 07:30;30,88;64986666,67;1,616
23125;28/11/2023 11:30;38,4;86933333,33;1,528
23125;28/11/2023 15:30;48,16;88986666,67;1,392
23125;28/11/2023 19:30;57,36;100266666,67;1,296
23125;29/11/2023 06:30;72,88;184533333,33;0,784
23125;29/11/2023 07:30;73,84;189600000,00;0,712
23125;29/11/2023 08:30;73,6;178133333,33;0,616
23125;29/11/2023 10:15;77,44;175706666,67;0,56
23126;28/11/2023 07:45;15,28;8064000,00;2,032
23126;28/11/2023 11:45;16,08;15546666,67;1,944
23126;28/11/2023 15:45;17,36;20240000,00;1,76
23126;28/11/2023 19:45;18,96;33040000,00;1,424
23126;29/11/2023 07:00;39,12;109866666,67;1,648
23126;29/11/2023 11:00;49,04;147733333,33;1,68
23126;29/11/2023 15:00;62,64;164800000,00;1,352
23126;29/11/2023 19:00;72,96;192533333,33;0,304
23126;30/11/2023 06:15;82,4;186933333,33;0,296
23126;30/11/2023 07:15;79,12;188533333,33;0,264
23126;30/11/2023 09:45;79,92;167733333,33;0,2
23127;28/11/2023 07:45;14,48;9386666,67;1,864
23127;28/11/2023 11:45;15,12;14533333,33;1,856
23127;28/11/2023 15:45;16,8;21893333,33;1,832
23127;28/11/2023 19:45;18,56;36853333,33;1,96
23127;29/11/2023 07:00;#VALOR!;112266666,67;1,704
23127;29/11/2023 11:00;42,96;151466666,67;1,64
23127;29/11/2023 15:00;52,72;187733333,33;1,544
23127;29/11/2023 19:00;64,88;222933333,33;0,24
23127;30/11/2023 06:15;78,96;218400000,00;0,536
23127;30/11/2023 07:15;78;198133333,33;0,44
23127;30/11/2023 10:00;77,44;252533333,33;0,336
23131;04/12/2023 08:00;18,16;7970666,67;1,704
23131;04/12/2023 12:00;18,24;11200000,00;1,944
23131;04/12/2023 16:00;20;13653333,33;1,864
23131;04/12/2023 20:00;21,04;19626666,67;1,608
23131;05/12/2023 07:00;29,28;78586666,67;1,56
23131;05/12/2023 11:00;35,68;105866666,67;1,616
23131;05/12/2023 15:00;41,6;133066666,67;1,424
23131;05/12/2023 19:00;55,2;146666666,67;1,288
23131;06/12/2023 06:45;73,04;190133333,33;0,784
23131;06/12/2023 07:30;73,52;202933333,33;0,736
23131;06/12/2023 09:10;76,72;189333333,33;0,664
23132;04/12/2023 08:00;17,84;6365333,33;1,632
23132;04/12/2023 12:00;18,72;9733333,33;1,576
23132;04/12/2023 16:00;19,44;14693333,33;1,576
23132;04/12/2023 20:00;21,52;21680000,00;1,704
23132;05/12/2023 07:00;33,92;87466666,67;1,448
23132;05/12/2023 11:00;43,2;102933333,33;1,504
23132;05/12/2023 15:00;53,68;131466666,67;1,224
23132;05/12/2023 19:00;61,6;144800000,00;1,144
23132;06/12/2023 06:45;80,8;202133333,33;0,48
23132;06/12/2023 07:30;82,4;207200000,00;0,432
23132;06/12/2023 09:10;86,4;200000000,00;0,368
23133;04/12/2023 08:00;15,76;6168000,00;1,856
23133;04/12/2023 12:00;16,16;9146666,67;1,624
23133;04/12/2023 16:00;17,12;15066666,67;1,744
23133;04/12/2023 20:00;18,56;21280000,00;1,696
23133;05/12/2023 07:00;30,32;96533333,33;1,496
23133;05/12/2023 11:00;39,04;120000000,00;1,456
23133;05/12/2023 15:00;48;120533333,33;1,44
23133;05/12/2023 19:00;56,96;165066666,67;1,416
23133;06/12/2023 06:45;79,92;185866666,67;0,632
23133;06/12/2023 07:30;79,84;209866666,67;0,552
23133;06/12/2023 09:10;79,28;208533333,33;0,52
23134;29/11/2023 14:00;19,04;12213333,33;1,712
23134;29/11/2023 18:00;19,28;17706666,67;1,376
23134;30/11/2023 07:00;25,44;60080000,00;1,64
23134;30/11/2023 11:15;31,76;64800000,00;1,576
23134;30/11/2023 15:15;40,48;72880000,00;1,528
23134;30/11/2023 05:15;50,88;124000000,00;1,296
23134;01/12/2023 06:30;73,36;194133333,33;0,72
23134;01/12/2023 07:30;76;169333333,33;0,648
23134;01/12/2023 08:00;73,04;193600000,00;0,592
23134;01/12/2023 09:15;78,08;174666666,67;0,552
23134;01/12/2023 11:15;77,92;193066666,67;0,392
23135;29/11/2023 15:00;19,92;7501333,33;1,808
23135;29/11/2023 19:00;20,32;12933333,33;1,856
23135;30/11/2023 07:00;24,56;40960000,00;1,688
23135;30/11/2023 11:15;29,36;85066666,67;1,64
23135;30/11/2023 15:15;36,88;83840000,00;1,544
23135;30/11/2023 19:15;46,56;110400000,00;1,464
23135;01/12/2023 06:30;73,6;176800000,00;0,808
23135;01/12/2023 07:30;75,52;156000000,00;0,816
23135;01/12/2023 08:00;76,72;174933333,33;0,8
23135;01/12/2023 09:15;77,84;164000000,00;0,728
23135;01/12/2023 11:15;80,8;175200000,00;0,552
23136;18/12/2023 09:00;16,48;6434666,67;1,8
23136;18/12/2023 13:00;16,56;10373333,33;1,664
23136;18/12/2023 17:00;17,76;20560000,00;1,848
23136;18/12/2023 21:00;18,72;28213333,33;1,648
23136;19/12/2023 07:00;29,44;81306666,67;1,6
23136;19/12/2023 11:00;36,96;106400000,00;1,448
23136;19/12/2023 15:00;40,16;116266666,67;1,32
23136;19/12/2023 19:00;51,76;122400000,00;1,088
23136;20/12/2023 06:45;70,4;204000000,00;0,704
23136;20/12/2023 07:45;71,2;172800000,00;0,544
23136;20/12/2023 10:00;71,12;210400000,00;0,552
23137;18/12/2023 14:15;16,16;11173333,33;1,544
23137;18/12/2023 18:15;16,16;17466666,67;1,464
23137;19/12/2023 07:00;20,64;37973333,33;1,656
23137;19/12/2023 11:00;25,04;53813333,33;1,672
23137;19/12/2023 15:00;31,76;105066666,67;1,384
23137;19/12/2023 19:00;36,24;161866666,67;1,312
23137;20/12/2023 06:45;54;219200000,00;0,936
23137;20/12/2023 07:45;56,16;241066666,67;0,912
23137;20/12/2023 09:00;56,96;279466666,67;0,856
23137;20/12/2023 10:00;56,96;280266666,67;0,848
23137;20/12/2023 11:35;57,76;280000000,00;0,768
23138;19/12/2023 13:30;16,16;3536000,00;1,608
23138;19/12/2023 17:30;16,48;5658666,67;1,528
23138;20/12/2023 07:00;20,96;26720000,00;1,784
23138;20/12/2023 11:00;23,92;46666666,67;1,76
23138;20/12/2023 15:00;29,2;66026666,67;1,576
23138;20/12/2023 19:00;36,56;96266666,67;1,632
23138;21/12/2023 07:00;65,84;150933333,33;0,944
23138;21/12/2023 08:00;71,36;151733333,33;0,944
23138;21/12/2023 09:00;68,64;162933333,33;0,928
23138;21/12/2023 10:00;69,04;185333333,33;0,872
23138;21/12/2023 11:30;71,68;168533333,33;0,696
23139;19/12/2023 13:30;15,92;3576000,00;1,832
23139;19/12/2023 17:30;16,16;5736000,00;1,536
23139;20/12/2023 07:00;21,36;33493333,33;1,872
23139;20/12/2023 11:00;24,64;44906666,67;1,8
23139;20/12/2023 15:00;30,96;67093333,33;1,904
23139;20/12/2023 19:00;39,6;90133333,33;1,6
23139;21/12/2023 07:00;70,64;151733333,33;0,904
23139;21/12/2023 08:00;67,68;161866666,67;0,968
23139;21/12/2023 09:00;74,08;163200000,00;0,848
23139;21/12/2023 11:00;75,92;172800000,00;0,728
24002;17/01/2024 09:40;16,48;4008000,00;1,832
24002;17/01/2024 14:00;16,64;8186666,67;1,816
24002;17/01/2024 18:00;17,52;11680000,00;1,688
24002;18/01/2024 07:00;23,84;52053333,33;1,688
24002;18/01/2024 11:00;29,44;64880000,00;1,84
24002;18/01/2024 16:00;37,84;110133333,33;1,616
24002;18/01/2024 20:00;46,64;146666666,67;1,376
24002;19/01/2024 06:45;68,24;177066666,67;0,856
24002;19/01/2024 07:45;70,32;157600000,00;0,776
24002;19/01/2024 08:00;70,64;203466666,67;0,8
24002;19/01/2024 10:00;71,84;195466666,67;0,768
24003;17/01/2024 09:40;15,52;3976000,00;1,76
24003;17/01/2024 14:00;15,44;7949333,33;1,84
24003;17/01/2024 18:00;16,32;12080000,00;1,816
24003;18/01/2024 07:00;22,32;42133333,33;1,712
24003;18/01/2024 11:00;27,52;54240000,00;1,688
24003;18/01/2024 16:00;38,96;64746666,67;1,504
24003;18/01/2024 20:00;46,24;125066666,67;1,424
24003;19/01/2024 06:45;72,8;186400000,00;0,88
24003;19/01/2024 07:45;74,4;185866666,67;0,776
24003;19/01/2024 10:00;77,2;209333333,33;0,632
24005;20/01/2024 08:50;16,64;4608000,00;1,672
24005;22/01/2024 06:30;84;201333333,33;0,432
24005;22/01/2024 09:00;87,2;193600000,00;0,304
24004;16/01/2024 12:00;18,32;3773333,33;2,12
24004;16/01/2024 16:00;18,4;5602666,67;2,128
24004;16/01/2024 20:30;19,2;8064000,00;2,264
24004;17/01/2024 07:00;24,4;31306666,67;2,072
24004;17/01/2024 11:00;30,4;45226666,67;2,376
24004;17/01/2024 15:00;35,2;73173333,33;1,912
24004;17/01/2024 19:00;43,12;96266666,67;1,688
24004;18/01/2024 06:45;68,4;160000000,00;1,408
24004;18/01/2024 07:45;69,04;170666666,67;1,352
24004;18/01/2024 08:45;70,16;168800000,00;1,376
24004;18/01/2024 11:00;76,88;153066666,67;0,968
24006;NA;NA;NA;NA
24007;20/01/2024 08:50;16,08;3637333,33;1,712
24007;22/01/2024 06:30;85,6;159200000,00;0,368
24007;22/01/2024 09:30;88,8;181066666,67;0,264
24008;20/01/2024 08:50;17,12;3514666,67;2,032
24008;22/01/2024 06:30;84;172533333,33;0,704
24008;22/01/2024 09:00;84,8;172000000,00;0,64
24009;23/01/2024 08:00;15,12;5133333,33;1,632
24009;23/01/2024 12:00;15,52;7765333,33;1,76
24009;23/01/2024 16:00;16,8;46773333,33;1,8
24009;23/01/2024 20:00;18,64;19546666,67;1,656
24009;24/01/2024 07:30;27,92;59120000,00;1,512
24009;24/01/2024 11:30;35,2;83466666,67;1,72
24009;24/01/2024 15:30;42,72;114666666,67;1,496
24009;24/01/2024 19:30;54,08;135200000,00;0,952
24009;25/01/2024 06:45;74;152800000,00;0,736
24009;25/01/2024 07:45;74,16;170133333,33;0,648
24009;25/01/2024 10:15;75,84;155200000,00;0,504
24012;23/01/2024 08:00;17,52;4010666,67;1,76
24012;23/01/2024 12:00;17,76;7173333,33;1,72
24012;23/01/2024 16:00;18,4;10960000,00;1,624
24012;23/01/2024 20:00;20,48;20000000,00;1,792
24012;24/01/2024 07:30;32,88;66746666,67;1,752
24012;24/01/2024 11:30;43,28;88266666,67;1,608
24012;24/01/2024 15:30;51,52;97600000,00;1,096
24012;24/01/2024 19:30;63,2;135733333,33;0,96
24012;25/01/2024 06:45;88;159733333,33;0,408
24012;25/01/2024 07:45;87,2;181066666,67;0,352
24012;25/01/2024 10:15;88;129600000,00;0,248
24016;22/01/2024 13:10;21,44;8773333,33;1,792
24016;22/01/2024 17:10;20,64;10346666,67;1,792
24016;22/01/2024 21:10;22,8;6356000,00;1,648
24016;23/01/2024 08:00;30,88;26000000,00;1,648
24016;23/01/2024 12:00;37,2;49333333,33;1,552
24016;23/01/2024 16:00;48,4;13160000,00;1,088
24016;23/01/2024 20:00;59,28;84960000,00;1,296
24016;24/01/2024 06:15;83,2;149600000,00;0,664
24016;24/01/2024 07:20;87,2;157066666,67;0,624
24016;24/01/2024 08:30;88,8;152800000,00;0,584
24016;24/01/2024 09:30;89,6;157600000,00;0,512
24016;24/01/2024 11:15;93,6;211200000,00;0,44
24017;22/01/2024 12:20;19,84;13093333,33;1,76
24017;22/01/2024 17:10;18,88;13946666,67;1,904
24017;22/01/2024 21:10;20,56;10560000,00;1,36
24017;23/01/2024 08:00;28,64;39013333,33;1,72
24017;23/01/2024 12:00;34,56;50853333,33;1,576
24017;23/01/2024 16:00;45,92;81840000,00;1,488
24017;23/01/2024 20:00;56,48;82106666,67;1,376
24017;24/01/2024 06:15;82,4;172533333,33;0,76
24017;24/01/2024 07:20;83,2;160000000,00;0,712
24017;24/01/2024 10:10;84,8;169866666,67;0,504
24011;22/01/2024 09:25;18,32;26453333,33;1,536
24011;22/01/2024 13:25;18,56;20160000,00;1,648
24011;22/01/2024 17:25;18,88;20426666,67;1,608
24011;22/01/2024 21:25;21,84;21706666,67;1,568
24011;23/01/2024 06:25;34,4;60346666,67;1,56
24011;23/01/2024 10:25;40,48;84426666,67;1,56
24011;23/01/2024 14:25;50,16;113600000,00;1,376
24011;23/01/2024 18:25;62,96;132800000,00;1,224
24011;24/01/2024 06:15;75,12;155466666,67;0,688
24011;24/01/2024 07:20;72,48;160800000,00;0,608
24011;24/01/2024 10:10;74,08;176533333,33;0,432
24010;27/01/2024 08:15;19,52;2594666,67;1,584
24010;29/01/2024 06:45;87,2;135200000,00;0,672
24010;29/01/2024 07:15;86,4;156533333,33;0,624
24010;29/01/2024 08:00;84;149066666,67;0,64
24020;27/01/2024 08:20;18;2296000,00;1,616
24020;29/01/2024 06:45;88;210666666,67;0,328
24020;29/01/2024 07:15;87,2;149600000,00;0,304
24020;29/01/2024 08:00;84,8;139200000,00;0,288
24022;29/01/2024 15:15;18,8;8453333,33;1,672
24022;30/01/2024 20:00;54,96;81600000,00;1,384
24022;31/01/2024 06:45;81,6;152266666,67;0,704
24022;31/01/2024 07:30;84;156000000,00;0,608
24023;29/01/2024 13:20;18,32;11786666,67;1,648
24023;30/01/2024 20:00;59,84;105866666,67;1,336
24023;31/01/2024 06:45;86,4;158933333,33;0,52
24023;31/01/2024 07:30;84;159466666,67;0,416
P24053;31/01/2024 12:45;20,96;7616000,00;0,968
P24053;31/01/2024 16:45;21,2;14106666,67;1,024
P24053;31/01/2024 20:45;22,16;16746666,67;1,056
P24053;01/02/2024 07:10;31,84;43093333,33;0,992
P24053;01/02/2024 11:10;42,64;54480000,00;0,808
P24053;01/02/2024 15:10;47,44;70293333,33;0,632
P24053;01/02/2024 19:10;58,48;94133333,33;0,504
P24053;02/02/2024 06:45;88,8;27733333,33;0
P24053;02/02/2024 08:00;84,8;29253333,33;0
P24053;02/02/2024 09:00;110,4;71893333,33;0,496
P24053;02/02/2024 09:20;67,12;92533333,33;0,4
P24053;02/02/2024 10:00;63,52;121866666,67;0,472
24019;03/02/2024 07:45;16,64;1676000,00;1,544
24019;05/02/2024 06:45;74;161866666,67;0,792
24019;05/02/2024 07:45;75,04;182133333,33;0,776
24021;03/02/2024 07:45;15,6;1357333,33;1,472
24021;05/02/2024 06:45;72,08;147733333,33;0,744
24021;05/02/2024 07:45;70,72;162933333,33;0,712
24021;05/02/2024 08:40;71,6;163733333,33;0,64
24015;07/02/2024 11:30;20,8;15786666,67;1,768
24015;07/02/2024 15:30;20,88;12480000,00;1,464
24015;07/02/2024 19:30;22,16;23066666,67;1,84
24015;08/02/2024 07:30;32,4;47333333,33;1,952
24015;08/02/2024 11:30;41,28;70800000,00;1,656
24015;08/02/2024 15:30;48,56;102073688,80;1,568
24015;08/02/2024 19:30;56,96;114400000,00;1,192
24015;09/02/2024 06:45;73,04;161333333,33;1,432
24015;09/02/2024 07:45;73,84;161066666,67;1,176
24015;09/02/2024 08:45;73,76;163733333,33;1,128
24025;05/02/2024 14:00;20,24;7789333,33;1,664
24025;07/02/2024 06:45;84;132533333,33;0,744
24025;07/02/2024 07:45;78,8;124533333,33;0,672
24025;07/02/2024 08:30;79,28;153066666,67;0,68
24025;07/02/2024 09:30;80,8;150133333,33;0,544
24026;05/02/2024 14:00;19,52;9520000,00;1,624
24026;07/02/2024 06:45;76,8;109866666,67;0,912
24026;07/02/2024 07:45;73,6;104800000,00;0,856
24026;07/02/2024 08:30;73,12;124533333,33;0,872
24026;07/02/2024 09:30;76,88;130666666,67;0,88
24014;10/02/2024 08:00;14,56;861333,33;1,736
24014;12/02/2024 06:45;65,68;138666666,67;0,776
24014;12/02/2024 08:00;65,92;144800000,00;0,952
24014;12/02/2024 09:00;70,08;153066666,67;0,936
24014;12/02/2024 10:00;70;153600000,00;0,856
24027;10/02/2024 08:00;18,72;872000,00;1,472
24027;12/02/2024 06:45;69,68;132800000,00;0,912
24027;12/02/2024 08:00;69,36;140800000,00;0,944
24027;12/02/2024 09:00;72,08;148000000,00;0,816
24027;12/02/2024 10:00;72,8;145866666,67;0,816
24027;12/02/2024 10:40;72,88;157066666,67;0,72
24028;12/02/2024 16:45;19,68;8560000,00;1,736
24028;13/02/2024 19:00;48,48;54880000,00;1,464
24028;14/02/2024 06:45;76,4;125066666,67;0,856
24028;14/02/2024 07:45;78,4;127733333,33;0,92
24028;14/02/2024 09:20;80;147733333,33;0,736
24028;14/02/2024 10:15;84,8;138133333,33;0,592
24028;14/02/2024 11:15;80,8;163733333,33;0,584
24029;12/02/2024 15:35;18,64;10800000,00;1,632
24029;13/02/2024 19:00;45,12;64693333,33;1,504
24029;14/02/2024 06:45;71,6;134400000,00;0,848
24029;14/02/2024 07:45;72,96;136000000,00;0,856
24029;14/02/2024 09:20;76,56;160266666,67;0,856
24029;14/02/2024 10:15;77,84;172800000,00;0,744
24034;14/02/2024 16:45;19,6;12666666,67;1,68
24034;14/02/2024 20:45;18,88;12480000,00;1,856
24034;15/02/2024 06:45;23,52;33200000,00;1,768
24034;15/02/2024 10:45;28,48;49520000,00;1,752
24034;15/02/2024 14:45;35,44;67440000,00;1,76
24034;15/02/2024 18:45;45,44;100000000,00;1,568
24034;16/02/2024 07:45;80,8;162933333,33;0,696
24034;16/02/2024 08:20;80;165066666,67;0,632
24034;16/02/2024 09:20;85,6;167303022,93;0,576
24034;16/02/2024 10:30;86,4;153938501,33;0,488
24034;16/02/2024 12:40;92;178133333,33;0,28
24031;17/02/2024 08:40;14,8;2464000,00;2,064
24031;19/02/2024 06:45;80,8;154666666,67;0,312
24031;19/02/2024 07:15;87,2;195200000,00;0,264
24031;19/02/2024 08:10;78,88;196266666,67;0,536
24037;19/02/2024 13:30;17,92;8330666,67;1,832
24037;20/02/2024 19:00;59,2;113866666,67;1,168
24037;21/02/2024 06:45;90,4;183200000,00;0,456
24037;21/02/2024 08:45;92,8;191200000,00;0,352
24038;21/02/2024 12:45;19,6;8112000,00;1,832
24038;21/02/2024 16:45;19,68;14906666,67;1,72
24038;21/02/2024 20:45;20,96;19173333,33;1,696
24038;22/02/2024 06:45;28,16;44560000,00;1,84
24038;22/02/2024 10:45;36,4;68853333,33;1,672
24038;22/02/2024 14:45;50,32;100800000,00;1,448
24038;22/02/2024 18:45;59,92;149333333,33;1,128
24038;23/02/2024 06:45;84;197066666,67;0,464
24038;23/02/2024 07:45;85,6;212000000,00;0,376
24038;23/02/2024 09:15;84;216800000,00;0,312
24035;02/03/2024 08:20;16,72;3938666,67;1,976
24035;04/03/2024 06:45;58,96;160266666,67;1,136
24035;04/03/2024 07:45;59,84;168533333,33;1,136
24035;04/03/2024 08:45;61,44;146400000,00;1,064
24036;02/03/2024 08:20;14,4;5402666,67;1,76
24036;04/03/2024 06:45;58,16;172266666,67;1,096
24036;04/03/2024 07:45;59,04;173333333,33;1,16
24036;04/03/2024 08:45;61,2;148800000,00;1,088
24039;05/07/2024 19:30;42,56;43280000,00;1,424
24039;06/03/2024 06:15;64,48;127733333,33;0,968
24039;06/03/2024 07:45;68,16;124800000,00;1,088
24039;06/03/2024 08:45;69,84;134400000,00;0,88
24039;06/03/2024 09:45;70,64;145066666,67;0,968
24039;06/03/2024 10:45;72,16;146933333,33;0,824
24039;06/03/2024 11:45;75,68;94133333,33;0,728
24040;05/03/2024 19:30;44,4;41573333,33;1,352
24040;06/03/2024 04:15;60,08;146666666,67;1,296
24040;06/03/2024 06:15;63,04;118933333,33;1,16
24040;06/03/2024 07:45;66,48;114666666,67;1,144
24040;06/03/2024 08:45;67,84;124000000,00;1,088
24040;06/03/2024 09:45;70;138400000,00;1,032
24040;06/03/2024 10:45;71,52;143733333,33;0,888
24040;06/03/2024 11:45;74,24;94933333,33;0,808
24041;09/03/2024 09:20;18,64;6744000,00;1,984
24041;11/03/2024 07:30;75,84;149600000,00;0,744
24041;11/03/2024 08:30;77,6;73146666,67;0,648
24041;11/03/2024 08:40;NA;144533333,33;NA
24042;09/03/2024 09:00;19,04;7496000,00;1,84
24042;11/03/2024 07:30;68,72;156800000,00;1,008
24042;11/03/2024 08:30;68,4;157600000,00;0,968
24043;12/03/2024 08:20;19,44;4642666,67;1,728
24043;13/03/2024 20:00;49,44;115200000,00;1,592
24043;14/03/2024 06:50;68,96;159733333,33;0,856
24043;14/03/2024 07:50;69,76;122400000,00;0,888
24043;14/03/2024 09:20;69,68;132533333,33;NA
24045;12/03/2024 08:20;17,52;5053333,33;1,68
24045;13/03/2024 20:00;49,44;113866666,67;1,464
24045;14/03/2024 06:50;69,52;214133333,33;0,768
24045;14/03/2024 07:50;71,68;216800000,00;0,856
24045;14/03/2024 08:50;73,12;137066666,67;0,912
24045;14/03/2024 09:40;72,48;139466666,67;NA
24046;11/03/2024 15:00;19,92;8586666,67;1,76
24046;12/03/2024 19:15;55,28;88800000,00;1,424
24046;13/03/2024 07:00;82,4;163200000,00;0,728
24046;13/03/2024 09:00;87,2;134400000,00;0,44
24046;13/03/2024 09:25;NA;168000000,00;NA
24046;13/03/2024 10:30;88;156800000,00;0,392
24048;11/03/2024 15:00;21,44;6800000,00;1,696
24048;12/03/2024 19:15;46,8;67066666,67;1,616
24048;13/03/2024 07:00;76,32;121333333,33;0,968
24048;13/03/2024 09:00;78,96;98133333,33;0,76
24048;13/03/2024 09:25;NA;146933333,33;NA
24048;13/03/2024 10:30;81,6;131466666,67;0,72
24044;16/03/2024 09:30;19,28;5098666,67;1,792
24044;18/03/2024 06:45;75,92;172533333,33;0,76
24044;18/03/2024 07:45;77,52;161066666,67;0,672
24049;16/03/2024 09:30;18,88;5648000,00;1,704
24049;18/03/2024 06:45;69,2;166133333,33;0,856
24049;18/03/2024 07:45;72,64;164533333,33;0,808
24047;18/03/2024 13:05;18,24;9253333,33;1,76
24047;19/03/2024 19:30;54,64;110666666,67;1,216
24047;20/03/2024 06:45;86,4;222933333,33;0,632
24050;23/03/2024 09:00;17,76;5562666,67;1,88
24050;25/03/2024 06:40;67,2;173333333,33;1,016
24050;25/03/2024 07:40;67,6;152000000,00;0,928
24050;25/03/2024 08:05;;153066666,67;
24051;23/03/2024 09:00;17,76;5160000,00;1,512
24051;25/03/2024 06:40;78,64;185066666,67;0,792
24051;25/03/2024 07:40;80,8;161066666,67;0,72
24051;25/03/2024 08:05;;158133333,33;
24052;25/03/2024 15:10;17,28;8506666,67;1,88
24052;26/03/2024 19:10;39,92;65786666,67;1,536
24052;27/03/2024 07:00;68,64;138933333,33;1,152
24052;27/03/2024 08:00;71,76;112000000,00;0,984
24052;27/03/2024 08:30;69,04;147733333,33;1,144
24053;25/03/2024 15:30;16,72;13920000,00;1,616
24053;26/03/2024 19:10;49,6;134933333,33;1,264
24053;27/03/2024 07:00;80;185866666,67;0,712
24053;27/03/2024 08:00;79,36;147733333,33;0,56
24054;16/04/2024 08:15;15,44;5997333,33;1,872
24054;17/04/2024 19:10;61,28;115200000,00;1,296
24054;18/04/2024 06:45;85,6;184800000,00;0,48
24055;13/04/2024 08:30;14,32;8421333,33;1,76
24055;15/04/2024 06:45;72,72;173866666,67;0,784
24055;15/04/2024 07:45;73,68;175466666,67;0,744
24056;13/04/2024 08:30;14,56;7384000,00;1,88
24056;15/04/2024 06:45;79,92;181600000,00;0,664
24056;15/04/2024 07:45;82,4;167733333,33;0,56
24057;16/04/2024 08:15;17,76;6706666,67;1,888
24057;17/04/2024 19:10;60,96;100266666,67;1,216
24057;18/04/2024 06:45;78,96;180800000,00;0,712
24058;15/04/2024 14:30;18;12640000,00;1,64
24058;16/04/2024 19:00;55,84;86133333,33;1,12
24058;17/04/2024 06:45;80,8;159200000,00;0,752
24058;17/04/2024 07:45;82,4;144533333,33;0,672
24059;15/04/2024 14:30;18,08;12797333,33;1,472
24059;16/04/2024 19:00;58,24;94666666,67;1,312
24059;17/04/2024 06:45;77,28;178666666,67;0,848
24059;17/04/2024 07:45;78,4;166666666,67;0,776
24062;17/04/2024 15:10;18,88;12586666,67;1,72
24062;17/04/2024 19:10;19,28;17093333,33;1,616
24062;18/04/2024 07:10;25,52;53626666,67;1,76
24062;18/04/2024 11:10;31,68;69893333,33;1,704
24062;18/04/2024 15:10;41,76;77706666,67;0,84
24062;18/04/2024 19:10;51,36;90933333,33;1,368
24062;19/04/2024 06:45;80,8;164266666,67;0,8
24062;19/04/2024 07:45;80;165066666,67;0,72
24062;19/04/2024 09:30;84;158666666,67;0,536
24060;20/04/2024 08:30;25,92;8037333,33;1,688
24060;22/04/2024 06:45;75,04;176800000,00;0,808
24060;22/04/2024 07:45;76,24;132800000,00;0,336
24060;22/04/2024 08:00;-;179466666,67;0,64
24060;22/04/2024 08:45;76,32;161333333,33;0,648
24061;20/04/2024 08:30;28,56;5602666,67;1,696
24061;22/04/2024 06:45;66,72;176266666,67;1,04
24061;22/04/2024 07:45;68,48;110933333,33;0,744
24061;22/04/2024 08:00;-;169066666,67;
24061;22/04/2024 08:45;68,96;149066666,67;0,912
24063;23/04/2024 10:45;15,52;3032000,00;1,808
24063;24/04/2024 19:00;36,72;79146666,67;1,72
24063;25/04/2024 06:40;61,92;145866666,67;1,104
24063;25/04/2024 09:15;68,56;160000000,00;1
24063;25/04/2024 10:45;68,72;180800000,00;1
24064;23/04/2024 10:45;18,56;3176000,00;1,888
24064;24/04/2024 19:00;36,56;80186666,67;1,888
24064;25/04/2024 06:40;57,12;148000000,00;1,352
24064;25/04/2024 09:15;60,64;151466666,67;1,128
24064;25/04/2024 10:45;63,76;174666666,67;1,272
24065;22/04/2024 14:20;18,48;8168000,00;1,84
24065;23/04/2024 19:00;49,6;81333333,33;2,824
24065;24/04/2024 06:45;76,64;202400000,00;0,856
24065;24/04/2024 07:45;79,84;223200000,00;0,76
24065;24/04/2024 08:45;77,6;209600000,00;0,768
24066;22/04/2024 17:35;19,6;15386666,67;3,016
24066;23/04/2024 19:00;45,52;80933333,33;1,4
24066;24/04/2024 06:45;75,92;106933333,33;2,392
24066;24/04/2024 07:45;76,64;127466666,67;2,376
24066;24/04/2024 08:45;77,44;118666666,67;2,328
24069;24/04/2024 16:45;19,92;14160000,00;3,056
24069;25/04/2024 08:30;26,64;42293333,33;4,45/4,21
24069;25/04/2024 12:30;29,76;54560000,00;3,232
24069;25/04/2024 16:30;34,56;65813333,33;3,296
24069;25/04/2024 20:30;40,4;75146666,67;3,264
24069;26/04/2024 06:30;61,2;133066666,67;2,68
24069;26/04/2024 09:00;63,52;152533333,33;2,88
24069;26/04/2024 10:30;64,4;159733333,33;2,472
24068;24/04/2024 21:00;21,2;19520000,00;0,256
24068;25/04/2024 08:30;28,72;58133333,33;0,27/0,3
24068;25/04/2024 12:30;36,96;82080000,00;0,224
24068;25/04/2024 16:30;47,28;109066666,67;0,24
24068;25/04/2024 20:30;59,28;140533333,33;0,592
24068;26/04/2024 05:30;84;181066666,67;LO
24068;26/04/2024 07:00;80;173866666,67;LO
24067;27/04/2024 10:45;16,96;7784000,00;1,912
24067;29/04/2024 07:20;74,56;170400000,00;0,888
24067;29/04/2024 08:10;76,88;177333333,33;0,912
24070;27/04/2024 10:45;16,4;6434666,67;
24070;29/04/2024 07:20;82,4;173333333,33;0,808
24070;29/04/2024 08:10;81,6;168266666,67;0,752
24071;30/04/2024 10:00;16,16;5104000,00;1,992
24071;02/05/2024 06:45;85,6;200000000,00;0,672
24071;02/05/2024 07:15;84,8;195200000,00;0,68
24072;14/05/2024 09:00;18,48;7288000,00;1,992
24072;15/05/2024 20:00;60,32;157600000,00;1,344
24072;16/05/2024 06:45;78,4;191466666,67;0,816
24073;14/05/2024 09:00;18,72;6885333,33;2,12
24073;15/05/2024 20:00;50,56;163200000,00;1,384
24073;16/05/2024 06:45;68,32;194666666,67;0,968
24073;16/05/2024 07:45;71,36;197333333,33;0,952
24075;14/05/2024 09:00;17,12;6890666,67;1,856
24075;15/05/2024 20:00;55,68;161333333,33;1,36
24075;16/05/2024 06:45;75,52;179466666,67;0,76
24074;18/05/2024 08:35;15,28;7234666,67;1,792
24074;20/05/2024 06:30;80,8;180533333,33;0,792
24074;20/05/2024 08:00;76,16;163466666,67;0,672
24076;18/05/2024 08:35;16,24;7373333,33;1,624
24076;20/05/2024 06:30;75,6;175200000,00;0,744
24076;20/05/2024 08:00;81,6;204533333,33;0,712
24077;21/05/2024 08:00;18;6733333,33;1,928
24077;22/05/2024 19:30;71,6;182400000,00;1,088
24077;23/05/2024 06:30;86,4;182400000,00;0,472
24077;23/05/2024 07:30;85,6;172533333,33;0,376
24078;21/05/2024 08:00;17,68;7405333,33;1,936
24078;22/05/2024 19:30;62,88;145333333,33;1,256
24078;23/05/2024 06:30;76,4;182933333,33;0,632
24078;23/05/2024 07:30;75,12;173600000,00;0,648
24079;20/05/2024 15:15;18,72;11573333,33;1,768
24079;21/05/2024 20:00;57,04;132000000,00;1,344
24079;22/05/2024 06:30;85,6;206133333,33;0,824
24079;22/05/2024 08:35;88,8;123733333,33;0,672
24080;20/05/2024 14:10;19,44;12800000,00;1,552
24080;21/05/2024 20:00;54;135733333,33;1,296
24080;22/05/2024 06:30;77,68;185333333,33;0,912
24080;22/05/2024 08:35;80;90133333,33;0,744
24080;22/05/2024 11:10;81,6;268533333,33;0,576
24082;22/05/2024 15:30;18,48;17600000,00;1,92
24082;22/05/2024 19:30;19,2;18746666,67;1,832
24082;23/05/2024 09:15;28,4;63680000,00;1,792
24082;23/05/2024 19:15;52,64;100000000,00;1,368
24082;24/05/2024 06:30;79,12;183466666,67;0,784
24082;24/05/2024 08:45;83,2;173866666,67;0,672
24082;24/05/2024 10:00;83,2;179200000,00;0,528
24082;24/05/2024 11:30;85,6;169866666,67;0,48
24083;25/05/2024 09:35;18,32;8106666,67;1,688
24083;27/05/2024 07:00;72,64;174666666,67;0,424
24083;27/05/2024 07:30;74,48;179733333,33;0,4
24084;25/05/2024 09:35;17,92;8040000,00;2,056
24084;27/05/2024 07:00;74,8;175466666,67;0,984
24084;27/05/2024 07:30;74,96;163200000,00;0,96
24085;28/05/2024 08:40;16,32;6440000,00;1,904
24085;29/05/2024 19:45;63,28;119200000,00;1,272
24085;30/05/2024 06:45;79,44;152000000,00;0,56
24085;30/05/2024 07:45;81,6;173333333,33;0,496
24081;28/05/2024 08:40;18,88;5576000,00;2,056
24081;29/05/2024 19:45;61,6;143466666,67;1,368
24081;30/05/2024 06:45;79,84;166133333,33;0,704
24086;27/05/2024 18:45;20,4;19013333,33;1,664
24086;28/05/2024 20:20;51,44;91466666,67;1,416
24086;29/05/2024 06:45;73,68;154933333,33;1,056
24086;29/05/2024 07:45;75,04;162666666,67;0,984
24086;29/05/2024 08:45;74,4;149866666,67;0,936
24087;27/05/2024 17:00;16,72;22080000,00;1,944
24087;28/05/2024 20:20;48,72;105600000,00;1,416
24087;29/05/2024 06:45;70,56;169066666,67;1,008
24087;29/05/2024 07:45;72,72;183200000,00;1,008
24087;29/05/2024 08:45;74,16;171200000,00;0,824
24090;29/05/2024 15:45;19,76;19866666,67;1,872
24090;29/05/2024 19:45;20,24;22773333,33;1,76
24090;30/05/2024 07:15;24,96;53893333,33;2
24090;30/05/2024 11:15;29,12;68346666,67;1,976
24090;30/05/2024 15:45;39,12;84533333,33;1,8
24090;30/05/2024 19:30;46,32;110133333,33;1,576
24090;31/05/2024 06:45;68,56;137866666,67;1,16
24090;31/05/2024 07:45;69,76;137066666,67;1,032
24090;31/05/2024 09:15;69,92;146933333,33;1,04
24090;31/05/2024 11:00;73,52;145066666,67;0,88
24088;01/06/2024 08:55;18,32;5944000,00;1,752
24088;03/06/2024 06:30;65,52;175466666,67;0,944
24088;03/06/2024 08:30;64,8;158400000,00;0,928
24089;01/06/2024 08:00;18;5064000,00;2,088
24089;03/06/2024 06:30;69,44;157866666,67;1,032
24089;03/06/2024 08:30;71,44;148000000,00;0,856
24091;04/06/2024 07:45;14;5301333,33;2,104
24091;05/06/2024 19:30;63,2;184266666,67;1,568
24091;06/06/2024 06:35;86,4;223733333,33;0,648
24091;06/06/2024 07:30;85,6;195200000,00;0,704
24092;04/06/2024 07:45;16,72;5082666,67;2,08
24092;05/06/2024 19:30;66;168533333,33;1,512
24092;06/06/2024 06:35;100;222133333,33;0,688
24092;06/06/2024 07:30;101,6;223466666,67;0,52
24093;03/06/2024 14:40;15,92;9680000,00;1,904
24093;04/06/2024 20:00;52,56;132000000,00;1,552
24093;05/06/2024 06:30;75,52;245333333,33;0,872
24093;05/06/2024 07:10;73,76;214400000,00;0,832
24094;03/06/2024 14:40;14,24;12133333,33;1,952
24094;04/06/2024 20:00;48,88;128800000,00;1,672
24094;05/06/2024 06:30;79,36;229333333,33;1
24094;05/06/2024 07:10;78;204533333,33;0,992
24096;06/06/2024 06:35;33,44;77093333,33;1,744
24096;06/06/2024 11:45;44,72;115466666,67;1,544
24096;06/06/2024 15:45;60,64;140800000,00;1,552
24096;06/06/2024 19:30;60,96;199200000,00;1,464
24096;07/06/2024 06:40;96;252800000,00;0,56
24096;07/06/2024 07:40;99,2;256266666,67;0,544
24096;07/06/2024 08:45;97,6;250133333,33;0,56
24096;07/06/2024 11:00;101,6;230400000,00;0,408
24095;11/06/2024 08:10;20,8;5346666,67;1,912
24095;12/06/2024 19:30;55,6;198400000,00;1,288
24095;13/06/2024 06:45;82,4;246133333,33;0,848
24097;11/06/2024 08:10;22,24;5669333,33;1,928
24097;12/06/2024 19:30;55,6;198400000,00;1,288
24097;13/06/2024 06:45;87,2;240800000,00;0,712
24098;15/06/2024 12:15;19,6;1744000,00;1,896
24098;17/06/2024 06:40;55,36;123733333,33;1,616
24098;17/06/2024 09:00;59,28;139733333,33;1,52
24098;17/06/2024 10:30;62,4;138666666,67;1,44
24099;17/06/2024 17:00;19,52;8248000,00;1,824
24099;18/06/2024 19:20;44,72;70960000,00;1,4
24099;19/06/2024 06:35;73,92;156533333,33;0,968
24099;19/06/2024 08:00;74,64;158933333,33;0,888
24099;19/06/2024 09:30;78,48;165333333,33;0,824
24100;19/06/2024 16:00;20,8;14426666,67;2,016
24100;19/06/2024 20:00;21,44;14853333,33;1,96
24100;20/06/2024 06:30;27,28;44560000,00;1,832
24100;20/06/2024 10:00;31,68;56400000,00;1,784
24100;20/06/2024 14:00;43,68;75200000,00;1,864
24100;20/06/2024 18:00;52,88;106933333,33;1,616
24100;21/06/2024 06:30;88,8;205333333,33;0,72
24100;21/06/2024 07:30;85,6;223466666,67;0,592
24100;21/06/2024 09:00;84;217066666,67;0,512
24101;29/06/2024 07:30;19,28;6626666,67;0,952
24101;01/07/2024 07:00;92,8;174133333,33;0,36
24101;01/07/2024 07:30;92;157866666,67;0,24
24103;29/06/2024 07:30;19,04;4354666,67;1,904
24103;01/07/2024 07:00;89,6;167200000,00;0,64
24103;01/07/2024 07:30;84,8;173066666,67;0,544
24105;#VALOR!;19,28;3816000,00;1,768
24105;03/07/2024 20:00;61,92;91733333,33;1,504
24105;04/07/2024 06:30;85,6;170133333,33;0,856
24105;04/07/2024 08:30;84,8;173866666,67;0,784
24104;#VALOR!;20,16;4112000,00;1,792
24104;03/07/2024 20:00;59,12;75733333,33;1,552
24104;04/07/2024 06:30;80;162666666,67;0,944
24104;04/07/2024 08:30;82,4;171466666,67;0,816
24106;01/07/2024 13:15;23,6;10026666,67;1,944
24106;02/07/2024 20:15;69,04;78880000,00;1,416
24106;03/07/2024 06:30;83,2;151733333,33;0,704
24106;03/07/2024 08:00;84;163466666,67;0,56
24107;01/07/2024 14:00;21,76;10426666,67;1,816
24107;02/07/2024 20:15;62,16;64213333,33;1,208
24107;03/07/2024 06:30;88;183200000,00;0,672
24107;03/07/2024 08:00;87,2;151466666,67;0,584
24109;03/07/2024 16:00;23,84;15146666,67;1,832
24109;03/07/2024 20:00;24;14266666,67;1,952
24109;04/07/2024 07:00;34,88;50160000,00;1,84
24109;04/07/2024 11:30;45,2;75866666,67;1,616
24109;04/07/2024 15:30;58;69653333,33;1,448
24109;04/07/2024 19:30;68,4;106400000,00;1,296
24109;05/07/2024 06:30;92;190400000,00;0,584
24109;05/07/2024 08:00;93,6;185066666,67;0,512
24109;05/07/2024 10:10;94,4;196266666,67;0,44
24110;03/07/2024 16:00;26,56;10800000,00;1,792
24110;03/07/2024 20:00;28;15040000,00;1,816
24110;04/07/2024 07:00;36,08;45866666,67;1,864
24110;04/07/2024 11:30;46,56;67386666,67;1,608
24110;04/07/2024 15:30;58,4;80533333,33;1,584
24110;04/07/2024 19:30;69,76;102133333,33;1,248
24110;05/07/2024 06:30;100,8;152533333,33;0,6
24110;05/07/2024 08:00;104,8;151466666,67;0,52
24110;05/07/2024 10:10;104,8;157333333,33;0,592
