IPC_I_LOTE,IPC_I_FECHA,IPC_I_TURBIDEZ,IPC_I_VIABILIDAD,IPC_I_FECHA_APROX,IPC_I_TH_07781_TI1501.PV,IPC_I_TH_07781_MI1501.PV
23019,2023-03-21 06:30:00,32.8,134400000,2023-03-21 06:30:00,20.01320076,51.74876785
23020,2023-03-21 06:30:00,32.8,134400000,2023-03-21 06:30:00,20.01320076,51.74876785
23021,2023-03-22 06:30:00,27.8,115200000,2023-03-22 06:30:00,20.00144577,52.76330948
23022,2023-03-22 06:30:00,27.8,115200000,2023-03-22 06:30:00,20.00144577,52.76330948
23023,2023-03-27 07:30:00,18.2,10880000,2023-03-27 07:30:00,20.00144672,48.16623306
23023,2023-03-27 11:30:00,18.8,14960000,2023-03-27 11:30:00,20.2817564,46.92744446
23023,2023-03-27 15:30:00,19.2,19920000,2023-03-27 15:30:00,20.06835938,49.43536626
23023,2023-03-27 19:30:00,21.2,36480000,2023-03-27 19:30:00,19.90198135,50.57923095
23023,2023-03-28 06:30:00,31.7,106400000,2023-03-28 06:30:00,20.27271366,50.2567997
23024,2023-03-27 07:30:00,18.2,10880000,2023-03-27 07:30:00,20.00144672,48.16623306
23024,2023-03-27 11:30:00,18.8,14960000,2023-03-27 11:30:00,20.2817564,46.92744446
23024,2023-03-27 15:30:00,19.2,19920000,2023-03-27 15:30:00,20.06835938,49.43536626
23024,2023-03-27 19:30:00,21.2,36480000,2023-03-27 19:30:00,19.90198135,50.57923095
23024,2023-03-28 06:30:00,31.7,106400000,2023-03-28 06:30:00,20.27271366,50.2567997
23025,2023-03-28 07:30:00,17,5192000,2023-03-28 07:30:00,20.23925686,49.98734093
23025,2023-03-28 11:30:00,17.7,7888000,2023-03-28 11:30:00,20.20399284,49.63586673
23025,2023-03-28 15:30:00,18.1,12320000,2023-03-28 15:30:00,20.00144672,49.26757813
23025,2023-03-28 19:30:00,19,21280000,2023-03-28 19:30:00,20.17144012,50.39785767
23025,2023-03-29 06:30:00,27.6,84800000,2023-03-29 06:30:00,20.19856739,50.4629631
23026,2023-03-28 07:30:00,17,5192000,2023-03-28 07:30:00,20.23925686,49.98734093
23026,2023-03-28 11:30:00,17.7,7888000,2023-03-28 11:30:00,20.20399284,49.63586673
23026,2023-03-28 15:30:00,18.1,12320000,2023-03-28 15:30:00,20.00144672,49.26757813
23026,2023-03-28 19:30:00,19,21280000,2023-03-28 19:30:00,20.17144012,50.39785767
23026,2023-03-29 06:30:00,27.6,84800000,2023-03-29 06:30:00,20.19856739,50.4629631
23027,2023-04-03 14:00:00,18.9,4848000,2023-04-03 14:00:00,20.39207077,46.80627823
23027,2023-04-03 18:00:00,19,10160000,2023-04-03 18:00:00,19.93453407,48.03240585
23027,2023-04-04 06:30:00,21.9,24880000,2023-04-04 06:30:00,19.86400414,46.00513458
23027,2023-04-04 10:00:00,23.5,104800000,2023-04-04 10:00:00,20.26909637,42.62152863
23028,2023-04-03 14:00:00,18.9,4848000,2023-04-03 14:00:00,20.39207077,46.80627823
23028,2023-04-03 18:00:00,19,10160000,2023-04-03 18:00:00,19.93453407,48.03240585
23028,2023-04-04 06:30:00,21.9,24880000,2023-04-04 06:30:00,19.86400414,46.00513458
23028,2023-04-04 10:00:00,23.5,104800000,2023-04-04 10:00:00,20.26909637,42.62152863
23029,2023-04-17 08:20:00,18.4,5618666,2023-04-17 08:15:00,20.36856174,38.65330521
23029,2023-04-17 12:20:00,18.2,8586666,2023-04-17 12:15:00,20.34324265,39.04079819
23029,2023-04-17 16:20:00,19.3,13893333,2023-04-17 16:15:00,20.40834761,40.06437969
23029,2023-04-17 20:20:00,20,18106666,2023-04-17 20:15:00,20.09367704,43.40910721
23029,2023-04-18 06:15:00,28,96533333,2023-04-18 06:15:00,20.30526638,48.20240116
23030,2023-04-17 08:20:00,18.4,5618666,2023-04-17 08:15:00,20.36856174,38.65330521
23030,2023-04-17 12:20:00,18.2,8586666,2023-04-17 12:15:00,20.34324265,39.04079819
23030,2023-04-17 16:20:00,19.3,13893333,2023-04-17 16:15:00,20.40834761,40.06437969
23030,2023-04-17 20:20:00,20,18106666,2023-04-17 20:15:00,20.09367704,43.40910721
23030,2023-04-18 06:15:00,28,96533333,2023-04-18 06:15:00,20.30526638,48.20240116
23031,2023-04-17 08:20:00,17.6,5312000,2023-04-17 08:15:00,20.36856174,38.65330521
23031,2023-04-17 12:20:00,17.8,9173333,2023-04-17 12:15:00,20.34324265,39.04079819
23031,2023-04-17 16:20:00,18.9,12133333,2023-04-17 16:15:00,20.40834761,40.06437969
23031,2023-04-17 20:20:00,19.7,19973333,2023-04-17 20:15:00,20.09367704,43.40910721
23031,2023-04-18 06:15:00,28.1,105866666,2023-04-18 06:15:00,20.30526638,48.20240116
23032,2023-04-17 08:20:00,17.6,5312000,2023-04-17 08:15:00,20.36856174,38.65330521
23032,2023-04-17 12:20:00,17.8,9173333,2023-04-17 12:15:00,20.34324265,39.04079819
23032,2023-04-17 16:20:00,18.9,12133333,2023-04-17 16:15:00,20.40834761,40.06437969
23032,2023-04-17 20:20:00,19.7,19973333,2023-04-17 20:15:00,20.09367704,43.40910721
23032,2023-04-18 06:15:00,28.1,105866666,2023-04-18 06:15:00,20.30526638,48.20240116
23033,2023-04-24 14:00:00,17,7506666,2023-04-24 14:00:00,19.93272591,55.60257339
23033,2023-04-24 18:00:00,17,12960000,2023-04-24 18:00:00,19.93453407,57.89588936
23033,2023-04-25 07:30:00,20.9,76506666,2023-04-25 07:30:00,20.26186371,52.29027309
23033,2023-04-25 08:30:00,21.2,95093333,2023-04-25 08:30:00,20.33058453,52.23524094
23033,2023-04-25 11:00:00,22.8,93600000,2023-04-25 11:00:00,20.05750847,53.3311615
23033,2023-04-25 12:15:00,24.2,103733333,2023-04-25 12:15:00,20.4463253,53.50115681
23034,2023-04-24 14:00:00,17,7506666,2023-04-24 14:00:00,19.93272591,55.60257339
23034,2023-04-24 18:00:00,17,12960000,2023-04-24 18:00:00,19.93453407,57.89588936
23034,2023-04-25 07:30:00,20.9,76506666,2023-04-25 07:30:00,20.26186371,52.29027309
23034,2023-04-25 08:30:00,21.2,95093333,2023-04-25 08:30:00,20.33058453,52.23524094
23034,2023-04-25 11:00:00,22.8,93600000,2023-04-25 11:00:00,20.05750847,53.3311615
23034,2023-04-25 12:15:00,24.2,103733333,2023-04-25 12:15:00,20.4463253,53.50115681
23035,2023-04-24 07:30:00,18,6133333,2023-04-24 07:30:00,20.26909733,51.61925095
23035,2023-04-24 11:30:00,18.1,11173333,2023-04-24 11:30:00,19.93272591,52.82841301
23035,2023-04-24 15:30:00,18.9,12933333,2023-04-24 15:30:00,19.96798992,52.48480797
23035,2023-04-24 19:30:00,19.9,19893333,2023-04-24 19:30:00,20.20670605,50.74283292
23035,2023-04-25 06:00:00,24.8,70106666,2023-04-25 06:00:00,20.00144577,51.68185806
23035,2023-04-25 07:30:00,26.2,81253333,2023-04-25 07:30:00,20.26186371,52.29027309
23036,2023-05-14 08:00:00,14.2,5186666,2023-05-14 08:00:00,20.40834808,53.29861069
23036,2023-05-15 06:30:00,16.4,56693333,2023-05-15 06:30:00,20.00144672,52.62586784
23036,2023-05-15 09:00:00,16.5,55653333,2023-05-15 09:00:00,19.90740776,53.98220444
23036,2023-05-15 10:45:00,16.4,52613333,2023-05-15 10:45:00,19.84772825,53.71455383
23036,2023-05-15 12:00:00,15.9,52933333,2023-05-15 12:00:00,20.00144577,52.76330948
23036,2023-05-15 16:00:00,17.8,34880000,2023-05-15 16:00:00,20.40653992,51.00188065
23036,2023-05-15 20:00:00,19,29466666,2023-05-15 20:00:00,20.54398155,50.47285292
23036,2023-05-16 06:30:00,21.2,70266666,2023-05-16 06:30:00,20.17234516,50.6582756
23036,2023-05-16 07:50:00,22,54880000,2023-05-16 07:45:00,20.12125683,50.32642365
23036,2023-05-16 12:00:00,22.2,76000000,2023-05-16 12:00:00,20.47887611,50.86805344
23038,2023-05-08 13:20:00,17,5064000,2023-05-08 13:15:00,20.25824594,51.86722374
23038,2023-05-09 06:30:00,19.3,10960000,2023-05-09 06:30:00,20.27361774,51.21977081
23038,2023-05-09 10:30:00,19.2,9680000,2023-05-09 10:30:00,20.21409805,52.2931118
23038,2023-05-09 12:45:00,20.3,10346666,2023-05-09 12:45:00,20.37624741,52.30235476
23038,2023-05-09 18:00:00,21,8720000,2023-05-09 18:00:00,19.93634224,53.57349396
23038,2023-05-09 21:00:00,21.2,9493333,2023-05-09 21:00:00,20.07119499,53.43967056
23038,2023-05-10 06:30:00,22.5,10746666,2023-05-10 06:30:00,20.13708019,53.77061462
23039,2023-05-08 13:20:00,17,5064000,2023-05-08 13:15:00,20.25824594,51.86722374
23039,2023-05-09 06:30:00,19.3,10960000,2023-05-09 06:30:00,20.27361774,51.21977081
23039,2023-05-09 10:30:00,19.2,9680000,2023-05-09 10:30:00,20.21409805,52.2931118
23039,2023-05-09 12:45:00,20.3,10346666,2023-05-09 12:45:00,20.37624741,52.30235476
23039,2023-05-09 18:00:00,21,8720000,2023-05-09 18:00:00,19.93634224,53.57349396
23039,2023-05-09 21:00:00,21.2,9493333,2023-05-09 21:00:00,20.07119499,53.43967056
23039,2023-05-10 06:30:00,22.5,10746666,2023-05-10 06:30:00,20.13708019,53.77061462
23040,2023-05-29 07:45:00,13.9,4296000,2023-05-29 07:45:00,20.32613516,53.44328594
23040,2023-05-29 11:30:00,13.9,7570666,2023-05-29 11:30:00,20.19050121,52.52193434
23040,2023-05-29 16:00:00,14.9,14693333,2023-05-29 16:00:00,20.15885353,52.19907379
23040,2023-05-29 20:00:00,15.7,19306666,2023-05-29 20:00:00,20.56032944,52.734375
23040,2023-05-30 06:30:00,24.5,107200000,2023-05-30 06:30:00,20.35778332,52.59693336
23040,2023-05-30 10:30:00,29.3,165600000,2023-05-30 10:30:00,20.31890202,53.0128746
23040,2023-05-30 11:45:00,32.3,154666666,2023-05-30 11:45:00,20.15523672,53.07888508
23041,2023-05-29 07:45:00,13.9,4296000,2023-05-29 07:45:00,20.32613516,53.44328594
23041,2023-05-29 11:30:00,13.9,7570666,2023-05-29 11:30:00,20.19050121,52.52193434
23041,2023-05-29 16:00:00,14.9,14693333,2023-05-29 16:00:00,20.15885353,52.19907379
23041,2023-05-29 20:00:00,15.7,19306666,2023-05-29 20:00:00,20.56032944,52.734375
23041,2023-05-30 06:30:00,24.5,107200000,2023-05-30 06:30:00,20.35778332,52.59693336
23041,2023-05-30 10:30:00,29.3,165600000,2023-05-30 10:30:00,20.31890202,53.0128746
23041,2023-05-30 11:45:00,32.3,154666666,2023-05-30 11:45:00,20.15523672,53.07888508
23042,2023-05-30 08:00:00,14.3,4917333,2023-05-30 08:00:00,20.29629517,53.14670181
23042,2023-05-30 12:00:00,14.3,9786666,2023-05-30 12:00:00,20.08651543,53.14308548
23042,2023-05-30 16:00:00,15.5,11493333,2023-05-30 16:00:00,20.49160767,52.90436935
23042,2023-05-30 20:00:00,16.7,21360000,2023-05-30 20:00:00,20.3614006,51.99277575
23042,2023-05-31 06:30:00,24.6,109066666,2023-05-31 06:30:00,20.39214325,53.88454819
23043,2023-06-05 08:15:00,16.1,4741333,2023-06-05 08:15:00,20.42650414,51.05070877
23043,2023-06-05 12:15:00,16.4,7160000,2023-06-05 12:15:00,20.3573308,51.92944183
23043,2023-06-05 16:15:00,16.5,9840000,2023-06-05 16:15:00,20.42831278,51.25506306
23043,2023-06-05 20:15:00,18.3,12426666,2023-06-05 20:15:00,20.44413662,49.8661747
23043,2023-06-06 06:00:00,23.8,44586666,2023-06-06 06:00:00,20.49884224,52.32928085
23043,2023-06-06 07:40:00,24.2,51946666,2023-06-06 07:45:00,20.27459383,51.33250586
23043,2023-06-06 09:00:00,23.6,54880000,2023-06-06 09:00:00,20.15885353,51.92419052
23043,2023-06-06 10:00:00,24.8,59200000,2023-06-06 10:00:00,20.3614006,51.92419052
23043,2023-06-06 11:30:00,25.2,76853333,2023-06-06 11:30:00,20.35416698,53.83210373
23043,2023-06-06 13:00:00,27.2,79280000,2023-06-06 13:00:00,20.15885353,52.60416412
23043,2023-06-06 15:00:00,29.1,73653333,2023-06-06 15:00:00,20.29629517,49.89872742
23043,2023-06-06 17:00:00,31.4,79493333,2023-06-06 17:00:00,20.3614006,51.79397964
23044,2023-06-05 08:15:00,14.5,7112000,2023-06-05 08:15:00,20.42650414,51.05070877
23044,2023-06-05 12:15:00,14.7,104533333,2023-06-05 12:15:00,20.3573308,51.92944183
23044,2023-06-05 16:15:00,15.5,14506666,2023-06-05 16:15:00,20.42831278,51.25506306
23044,2023-06-05 20:15:00,16.2,18693333,2023-06-05 20:15:00,20.44413662,49.8661747
23044,2023-06-06 06:00:00,19.6,60480000,2023-06-06 06:00:00,20.49884224,52.32928085
23044,2023-06-06 07:40:00,19.8,70266666,2023-06-06 07:45:00,20.27459383,51.33250586
23044,2023-06-06 09:00:00,19.7,75733333,2023-06-06 09:00:00,20.15885353,51.92419052
23045,2023-06-11 07:50:00,13.2,2701333,2023-06-11 07:45:00,20.19366693,54.61825949
23045,2023-06-12 06:30:00,24.2,87466666,2023-06-12 06:30:00,20.32342243,51.72164345
23046,2023-06-12 09:15:00,13.2,4562666,2023-06-12 09:15:00,20.17467737,52.83926296
23046,2023-06-12 13:00:00,13.7,6328000,2023-06-12 13:00:00,20.3614006,50.44487762
23046,2023-06-12 16:30:00,14.2,8906666,2023-06-12 16:30:00,20.531394,53.41435051
23046,2023-06-12 20:30:00,15.4,14906666,2023-06-12 20:30:00,20.11906815,50.14256083
23046,2023-06-13 07:00:00,23.4,86666666,2023-06-13 07:00:00,20.0214119,51.66377258
23047,2023-06-12 09:15:00,13.2,4562666,2023-06-12 09:15:00,20.17467737,52.83926296
23047,2023-06-12 13:00:00,13.7,6328000,2023-06-12 13:00:00,20.3614006,50.44487762
23047,2023-06-12 16:30:00,14.2,8906666,2023-06-12 16:30:00,20.531394,53.41435051
23047,2023-06-12 20:30:00,15.4,14906666,2023-06-12 20:30:00,20.11906815,50.14256083
23047,2023-06-13 07:00:00,23.4,86666666,2023-06-13 07:00:00,20.0214119,51.66377258
23048,2023-06-19 07:40:00,14.2,4341333,2023-06-19 07:45:00,20.14755058,50.0955048
23048,2023-06-19 11:40:00,14,7018666,2023-06-19 11:45:00,20.12087584,53.36724977
23048,2023-06-19 15:40:00,15.6,10240000,2023-06-19 15:45:00,20.15885353,52.47943205
23048,2023-06-19 19:40:00,16.6,19946666,2023-06-19 19:45:00,20.44458866,52.61856964
23048,2023-06-20 06:20:00,27,86666666,2023-06-20 06:15:00,20.35959148,52.36183453
23049,2023-06-19 07:40:00,14.2,4341333,2023-06-19 07:45:00,20.14755058,50.0955048
23049,2023-06-19 11:40:00,14,7018666,2023-06-19 11:45:00,20.12087584,53.36724977
23049,2023-06-19 15:40:00,15.6,10240000,2023-06-19 15:45:00,20.15885353,52.47943205
23049,2023-06-19 19:40:00,16.6,19946666,2023-06-19 19:45:00,20.44458866,52.61856964
23049,2023-06-20 06:20:00,27,86666666,2023-06-20 06:15:00,20.35959148,52.36183453
23050,2023-06-20 08:30:00,14.2,12080000,2023-06-20 08:30:00,20.42921638,50.36711311
23050,2023-06-20 12:30:00,14.6,5573333,2023-06-20 12:30:00,20.26270946,51.28878911
23050,2023-06-20 16:30:00,15,8880000,2023-06-20 16:30:00,20.1244936,50.06221532
23050,2023-06-20 20:30:00,16.2,15493333,2023-06-20 20:30:00,20.26193523,50.10308075
23050,2023-06-21 06:15:00,23.4,65573333,2023-06-21 06:15:00,20.08741999,51.9715097
23050,2023-06-21 07:25:00,25.2,82666666,2023-06-21 07:30:00,20.19321442,49.89356911
23051,2023-06-20 08:30:00,14.2,12080000,2023-06-20 08:30:00,20.42921638,50.36711311
23051,2023-06-20 12:30:00,14.6,5573333,2023-06-20 12:30:00,20.26270946,51.28878911
23051,2023-06-20 16:30:00,15,8880000,2023-06-20 16:30:00,20.1244936,50.06221532
23051,2023-06-20 20:30:00,16.2,15493333,2023-06-20 20:30:00,20.26193523,50.10308075
23051,2023-06-21 06:15:00,23.4,65573333,2023-06-21 06:15:00,20.08741999,51.9715097
23051,2023-06-21 07:25:00,25.2,82666666,2023-06-21 07:30:00,20.19321442,49.89356911
23053,2023-06-25 07:45:00,15.2,4765333,2023-06-25 07:45:00,20.27142906,52.96274304
23053,2023-06-26 06:30:00,28.9,88000000,2023-06-26 06:30:00,20.24646257,52.5390625
23054,2023-06-26 08:00:00,14.6,3373333,2023-06-26 08:00:00,20.22395706,51.93142319
23054,2023-06-26 12:00:00,15.4,5688000,2023-06-26 12:00:00,20.1660881,53.88537156
23054,2023-06-26 16:00:00,16.5,7754666,2023-06-26 16:00:00,20.15885353,50.7089119
23054,2023-06-26 20:00:00,17.9,16400000,2023-06-26 20:00:00,20.49884224,52.06886673
23054,2023-06-27 06:30:00,25.6,75120000,2023-06-27 06:30:00,20.31890106,52.27952565
23054,2023-06-27 07:20:00,26,85333333,2023-06-27 07:15:00,20.24882364,51.88572295
23055,2023-06-26 08:00:00,14.6,3373333,2023-06-26 08:00:00,20.22395706,51.93142319
23055,2023-06-26 12:00:00,15.4,5688000,2023-06-26 12:00:00,20.1660881,53.88537156
23055,2023-06-26 16:00:00,16.5,7754666,2023-06-26 16:00:00,20.15885353,50.7089119
23055,2023-06-26 20:00:00,17.9,16400000,2023-06-26 20:00:00,20.49884224,52.06886673
23055,2023-06-27 06:30:00,25.6,75120000,2023-06-27 06:30:00,20.31890106,52.27952565
23055,2023-06-27 07:20:00,26,85333333,2023-06-27 07:15:00,20.24882364,51.88572295
23056,2023-07-02 08:00:00,16,2912000,2023-07-02 08:00:00,20.08651543,54.09432602
23056,2023-07-03 07:00:00,27,112266666,2023-07-03 07:00:00,20.07385635,50.58259109
23057,2023-07-02 08:00:00,16,2912000,2023-07-02 08:00:00,20.08651543,54.09432602
23057,2023-07-03 07:00:00,27,112266666,2023-07-03 07:00:00,20.07385635,50.58259109
23060,2023-07-03 08:00:00,16.1,4440000,2023-07-03 08:00:00,20.08651543,49.90957642
23060,2023-07-03 12:00:00,16.2,7888000,2023-07-03 12:00:00,20.15885353,51.75439512
23060,2023-07-03 16:00:00,17.2,10640000,2023-07-03 16:00:00,20.09194183,52.19907379
23060,2023-07-03 20:00:00,18.2,19600000,2023-07-03 20:00:00,20.17050662,49.63469315
23060,2023-07-04 06:35:00,27.6,103466666,2023-07-04 06:30:00,20.29267883,53.20999527
23061,2023-07-03 08:00:00,16.1,4440000,2023-07-03 08:00:00,20.08651543,49.90957642
23061,2023-07-03 12:00:00,16.2,7888000,2023-07-03 12:00:00,20.15885353,51.75439512
23061,2023-07-03 16:00:00,17.2,10640000,2023-07-03 16:00:00,20.09194183,52.19907379
23061,2023-07-03 20:00:00,18.2,19600000,2023-07-03 20:00:00,20.17050662,49.63469315
23061,2023-07-04 06:35:00,27.6,103466666,2023-07-04 06:30:00,20.29267883,53.20999527
23063,2023-07-09 07:30:00,16.2,5728000,2023-07-09 07:30:00,20.06391048,50.64742279
23063,2023-07-10 06:30:00,22.8,101600000,2023-07-10 06:30:00,20.09013271,49.97106361
23064,2023-07-10 08:00:00,15.9,4472000,2023-07-10 08:00:00,20.0214119,49.36342621
23064,2023-07-10 12:00:00,16.2,9146666,2023-07-10 12:00:00,20.14190831,49.08853912
23064,2023-07-10 16:00:00,17.5,12373333,2023-07-10 16:00:00,20.08832359,49.36342621
23064,2023-07-10 20:00:00,17.4,28506666,2023-07-10 20:00:00,20.09375,49.84064413
23064,2023-07-11 06:00:00,23,96800000,2023-07-11 06:00:00,20.15885353,51.25144577
23064,2023-07-11 07:00:00,24.9,112266666,2023-07-11 07:00:00,20.0214119,48.14814758
23065,2023-07-10 08:00:00,15.9,4472000,2023-07-10 08:00:00,20.0214119,49.36342621
23065,2023-07-10 12:00:00,16.2,9146666,2023-07-10 12:00:00,20.14190831,49.08853912
23065,2023-07-10 16:00:00,17.5,12373333,2023-07-10 16:00:00,20.08832359,49.36342621
23065,2023-07-10 20:00:00,17.4,28506666,2023-07-10 20:00:00,20.09375,49.84064413
23065,2023-07-11 06:00:00,23,96800000,2023-07-11 06:00:00,20.15885353,51.25144577
23065,2023-07-11 07:00:00,24.9,112266666,2023-07-11 07:00:00,20.0214119,48.14814758
23067,2023-07-16 08:00:00,16.1,6448000,2023-07-16 08:00:00,20.3614006,51.38888931
23067,2023-07-17 06:30:00,25.5,130666666,2023-07-17 06:30:00,20.17332077,50.71614456
23068,2023-07-17 08:00:00,14.2,4832000,2023-07-17 08:00:00,20.49884224,49.63830948
23068,2023-07-17 12:00:00,15.7,8626666,2023-07-17 12:00:00,20.56394577,47.59837723
23068,2023-07-17 16:00:00,16,12933333,2023-07-17 16:00:00,20.4283123,47.74305344
23068,2023-07-17 20:00:00,16.5,18933333,2023-07-17 20:00:00,20.29629517,53.45897821
23068,2023-07-18 06:15:00,21.9,131200000,2023-07-18 06:15:00,20.15885353,50.78291445
23069,2023-07-17 08:00:00,14.2,4832000,2023-07-17 08:00:00,20.49884224,49.63830948
23069,2023-07-17 12:00:00,15.7,8626666,2023-07-17 12:00:00,20.56394577,47.59837723
23069,2023-07-17 16:00:00,16,12933333,2023-07-17 16:00:00,20.4283123,47.74305344
23069,2023-07-17 20:00:00,16.5,18933333,2023-07-17 20:00:00,20.29629517,53.45897821
23069,2023-07-18 06:15:00,21.9,131200000,2023-07-18 06:15:00,20.15885353,50.78291445
23070,2023-07-23 08:42:00,14.2,4050666,2023-07-23 08:45:00,20.29403591,51.48292828
23070,2023-07-24 07:45:00,26.3,86160000,2023-07-24 07:45:00,20.46809816,49.00421049
23071,2023-07-24 07:45:00,12.7,3661333,2023-07-24 07:45:00,20.46809816,49.00421049
23071,2023-07-24 11:00:00,13.3,6592000,2023-07-24 11:00:00,20.3614006,50.30381775
23071,2023-07-24 15:00:00,14,10053333,2023-07-24 15:00:00,20.49884224,51.33878441
23071,2023-07-24 19:00:00,15,25600000,2023-07-24 19:00:00,20.29725567,52.0101892
23071,2023-07-25 06:15:00,25.5,76880000,2023-07-25 06:15:00,20.2610691,51.05676031
23072,2023-07-24 07:45:00,12.7,3661333,2023-07-24 07:45:00,20.46809816,49.00421049
23072,2023-07-24 11:00:00,13.3,6592000,2023-07-24 11:00:00,20.3614006,50.30381775
23072,2023-07-24 15:00:00,14,10053333,2023-07-24 15:00:00,20.49884224,51.33878441
23072,2023-07-24 19:00:00,15,25600000,2023-07-24 19:00:00,20.29725567,52.0101892
23072,2023-07-25 06:15:00,25.5,76880000,2023-07-25 06:15:00,20.2610691,51.05676031
23073,2023-07-30 06:30:00,15.4,3741333,2023-07-30 06:30:00,20.39087064,52.33470726
23073,2023-07-31 06:30:00,26,85866666,2023-07-31 06:30:00,20.25922298,50.91145706
23073,2023-07-31 07:40:00,28,105333333,2023-07-31 07:45:00,20.3112154,47.22692792
23073,2023-07-31 09:00:00,29.8,111200000,2023-07-31 09:00:00,20.44277954,48.40856552
23075,2023-07-30 06:30:00,15.4,3741333,2023-07-30 06:30:00,20.39087064,52.33470726
23075,2023-07-31 06:30:00,26,85866666,2023-07-31 06:30:00,20.25922298,50.91145706
23075,2023-07-31 07:40:00,28,105333333,2023-07-31 07:45:00,20.3112154,47.22692792
23075,2023-07-31 09:00:00,29.8,111200000,2023-07-31 09:00:00,20.44277954,48.40856552
23076,2023-07-31 07:45:00,14.2,3565333,2023-07-31 07:45:00,20.3112154,47.22692792
23076,2023-07-31 12:00:00,14.5,7322666,2023-07-31 12:00:00,20.29629517,48.28197098
23076,2023-07-31 16:00:00,15.4,8749333,2023-07-31 16:00:00,20.3614006,50.04340363
23076,2023-07-31 20:00:00,16.6,12880000,2023-07-31 20:00:00,20.3614006,52.44180277
23076,2023-08-01 06:15:00,25.4,92000000,2023-08-01 06:15:00,20.16694451,50.72263865
23077,2023-09-03 08:00:00,18.2,5544000,2023-09-03 08:00:00,20.33608246,51.2442131
23077,2023-09-04 07:00:00,26.6,83173333,2023-09-04 07:00:00,20.08651543,48.78870727
23077,2023-09-04 08:50:00,29.9,125333333,2023-09-04 08:45:00,20.2890625,50.6781683
23077,2023-09-04 10:30:00,33,137600000,2023-09-04 10:30:00,20.24746799,52.13397026
23077,2023-09-04 11:40:00,34.8,102666666,2023-09-04 11:45:00,20.41022825,49.22598267
23078,2023-09-03 08:00:00,18.2,5544000,2023-09-03 08:00:00,20.33608246,51.2442131
23078,2023-09-04 07:00:00,26.6,83173333,2023-09-04 07:00:00,20.08651543,48.78870727
23079,2023-09-04 07:45:00,14.6,2976000,2023-09-04 07:45:00,20.23842573,50.13662994
23079,2023-09-04 12:00:00,14.8,8016000,2023-09-04 12:00:00,20.42650414,48.27835464
23079,2023-09-04 16:00:00,15.8,10960000,2023-09-04 16:00:00,20.49341774,46.905512
23079,2023-09-04 20:00:00,16.6,20906666,2023-09-04 20:00:00,20.15885353,44.63252258
23079,2023-09-05 07:00:00,27.1,71600000,2023-09-05 07:00:00,20.56394577,50.61145547
23079,2023-09-05 07:45:00,28.2,92800000,2023-09-05 07:45:00,20.26012659,49.17087496
23080,2023-09-04 07:45:00,14.6,2976000,2023-09-04 07:45:00,20.23842573,50.13662994
23080,2023-09-04 12:00:00,14.8,8016000,2023-09-04 12:00:00,20.42650414,48.27835464
23080,2023-09-04 16:00:00,15.8,10960000,2023-09-04 16:00:00,20.49341774,46.905512
23080,2023-09-04 20:00:00,16.6,20906666,2023-09-04 20:00:00,20.15885353,44.63252258
23080,2023-09-05 07:00:00,27.1,71600000,2023-09-05 07:00:00,20.56394577,50.61145547
23080,2023-09-05 07:45:00,28.2,92800000,2023-09-05 07:45:00,20.26012659,49.17087496
23081,2023-09-12 08:00:00,14.6,3682666,2023-09-12 08:00:00,20.42650414,48.00708771
23081,2023-09-12 12:00:00,15.2,6973333,2023-09-12 12:00:00,20.2756454,48.68344879
23081,2023-09-12 16:00:00,15.8,10213333,2023-09-12 16:00:00,20.08651543,49.89872742
23081,2023-09-12 20:00:00,16.6,17546666,2023-09-12 20:00:00,20.17874718,49.89872742
23081,2023-09-13 07:00:00,24.5,79866666,2023-09-13 07:00:00,20.56394577,48.00360234
23082,2023-09-12 08:00:00,14.6,3682666,2023-09-12 08:00:00,20.42650414,48.00708771
23082,2023-09-12 12:00:00,15.2,6973333,2023-09-12 12:00:00,20.2756454,48.68344879
23082,2023-09-12 16:00:00,15.8,10213333,2023-09-12 16:00:00,20.08651543,49.89872742
23082,2023-09-12 20:00:00,16.6,17546666,2023-09-12 20:00:00,20.17874718,49.89872742
23082,2023-09-13 07:00:00,24.5,79866666,2023-09-13 07:00:00,20.56394577,48.00360234
23083,2023-09-11 08:15:00,14.7,24106666,2023-09-11 08:15:00,20.21988869,52.25694275
23083,2023-09-12 07:15:00,28.4,90986666,2023-09-12 07:15:00,20.22576618,49.12199688
23084,2023-09-11 08:15:00,14.7,24106666,2023-09-11 08:15:00,20.21988869,52.25694275
23084,2023-09-12 07:15:00,28.4,90986666,2023-09-12 07:15:00,20.22576618,49.12199688
23085,2023-09-25 09:00:00,15.4,3520000,2023-09-25 09:00:00,19.95630836,51.79759598
23085,2023-09-25 07:45:00,29.4,100000000,2023-09-25 07:45:00,20.15930605,50.20746331
23086,2023-09-25 09:00:00,15.4,3520000,2023-09-25 09:00:00,19.95630836,51.79759598
23086,2023-09-25 07:45:00,29.4,100000000,2023-09-25 07:45:00,20.15930605,50.20746331
23087,2023-09-25 08:30:00,15,4456000,2023-09-25 08:30:00,20.01327419,50.69411207
23087,2023-09-25 13:00:00,15,5458666,2023-09-25 13:00:00,20.09194183,48.17885397
23087,2023-09-25 17:00:00,15.6,9520000,2023-09-25 17:00:00,20.33065605,50.57870102
23087,2023-09-25 21:00:00,16.5,22773333,2023-09-25 21:00:00,20.0214119,51.07957799
23087,2023-09-26 07:00:00,22.2,76560000,2023-09-26 07:00:00,20.40842056,52.62774622
23087,2023-09-26 08:00:00,24.7,70880000,2023-09-26 08:00:00,20.42650414,47.09563065
23087,2023-09-26 08:30:00,26.5,76320000,2023-09-26 08:30:00,20.2890625,48.43026543
23087,2023-09-26 09:10:00,27.4,82480000,2023-09-26 09:15:00,20.22034168,49.72963524
23088,2023-09-25 08:30:00,15,4456000,2023-09-25 08:30:00,20.01327419,50.69411207
23088,2023-09-25 13:00:00,15,5458666,2023-09-25 13:00:00,20.09194183,48.17885397
23088,2023-09-25 17:00:00,15.6,9520000,2023-09-25 17:00:00,20.33065605,50.57870102
23088,2023-09-25 21:00:00,16.5,22773333,2023-09-25 21:00:00,20.0214119,51.07957799
23088,2023-09-26 07:00:00,22.2,76560000,2023-09-26 07:00:00,20.40842056,52.62774622
23088,2023-09-26 08:00:00,24.7,70880000,2023-09-26 08:00:00,20.42650414,47.09563065
23088,2023-09-26 08:30:00,26.5,76320000,2023-09-26 08:30:00,20.2890625,48.43026543
23088,2023-09-26 09:10:00,27.4,82480000,2023-09-26 09:15:00,20.22034168,49.72963524
23089,2023-10-01 08:30:00,16.8,3557333,2023-10-01 08:30:00,20.34418698,48.35589639
23089,2023-10-02 07:15:00,25.7,63920000,2023-10-02 07:15:00,20.43012094,47.14862043
23089,2023-10-02 08:15:00,26.6,86693333,2023-10-02 08:15:00,20.29267836,50.20978069
23090,2023-10-01 08:30:00,16.8,3557333,2023-10-01 08:30:00,20.34418698,48.35589639
23090,2023-10-02 07:15:00,25.7,63920000,2023-10-02 07:15:00,20.43012094,47.14862043
23090,2023-10-02 08:15:00,26.6,86693333,2023-10-02 08:15:00,20.29267836,50.20978069
23091,2023-10-02 07:45:00,15.4,4736000,2023-10-02 07:45:00,20.29267836,49.0784759
23091,2023-10-02 12:45:00,16.2,6837333,2023-10-02 12:45:00,20.26193476,49.24100312
23091,2023-10-02 16:45:00,17.4,6749333,2023-10-02 16:45:00,20.3017211,51.6619248
23091,2023-10-02 20:45:00,17.9,19040000,2023-10-02 20:45:00,20.17605337,49.05189281
23091,2023-10-03 06:45:00,24.3,63013333,2023-10-03 06:45:00,20.47171593,50.0334549
23091,2023-10-03 08:00:00,25.6,95733333,2023-10-03 08:00:00,20.3614006,50.64291375
23092,2023-10-02 07:45:00,15.4,4736000,2023-10-02 07:45:00,20.29267836,49.0784759
23092,2023-10-02 12:45:00,16.2,6837333,2023-10-02 12:45:00,20.26193476,49.24100312
23092,2023-10-02 16:45:00,17.4,6749333,2023-10-02 16:45:00,20.3017211,51.6619248
23092,2023-10-02 20:45:00,17.9,19040000,2023-10-02 20:45:00,20.17605337,49.05189281
23092,2023-10-03 06:45:00,24.3,63013333,2023-10-03 06:45:00,20.47171593,50.0334549
23092,2023-10-03 08:00:00,25.6,95733333,2023-10-03 08:00:00,20.3614006,50.64291375
23094,2023-10-09 07:00:00,21.5,46906666,2023-10-09 07:00:00,20.16427994,47.74305344
23094,2023-10-09 08:00:00,21.8,53200000,2023-10-09 08:00:00,20.29629517,49.08853912
23094,2023-10-09 10:00:00,21.9,55493333,2023-10-09 10:00:00,20.15885353,50.57870102
23094,2023-10-09 12:00:00,22.7,90933333,2023-10-09 12:00:00,20.26193619,52.60416412
23094,2023-10-09 12:25:00,23.4,88000000,2023-10-09 12:30:00,20.14167404,50.07486993
23095,2023-10-09 07:00:00,21.5,46906666,2023-10-09 07:00:00,20.16427994,47.74305344
23095,2023-10-09 08:00:00,21.8,53200000,2023-10-09 08:00:00,20.29629517,49.08853912
23095,2023-10-09 10:00:00,21.9,55493333,2023-10-09 10:00:00,20.15885353,50.57870102
23095,2023-10-09 12:00:00,22.7,90933333,2023-10-09 12:00:00,20.26193619,52.60416412
23095,2023-10-09 12:25:00,23.4,88000000,2023-10-09 12:30:00,20.14167404,50.07486993
23096,2023-10-16 08:00:00,16.6,5133333,2023-10-16 08:00:00,20.15885353,47.74305344
23096,2023-10-16 12:00:00,16.7,6165333,2023-10-16 12:00:00,19.94907379,46.08258967
23096,2023-10-16 16:00:00,17.2,8008000,2023-10-16 16:00:00,20.69777107,47.93773886
23096,2023-10-16 20:00:00,17.5,14320000,2023-10-16 20:00:00,20.08651543,47.34157944
23096,2023-10-17 07:00:00,26.6,47013333,2023-10-17 07:00:00,20.62905121,46.46648584
23096,2023-10-17 08:30:00,28.5,91200000,2023-10-17 08:30:00,20.15885353,49.39011958
23097,2023-10-16 08:00:00,17.3,5597333,2023-10-16 08:00:00,20.15885353,47.74305344
23097,2023-10-16 12:00:00,17.7,6464000,2023-10-16 12:00:00,19.94907379,46.08258967
23097,2023-10-16 16:00:00,18.6,8850666,2023-10-16 16:00:00,20.69777107,47.93773886
23097,2023-10-16 20:00:00,18.6,14213333,2023-10-16 20:00:00,20.08651543,47.34157944
23097,2023-10-17 07:00:00,25.8,43280000,2023-10-17 07:00:00,20.62905121,46.46648584
23097,2023-10-17 08:30:00,30.8,89600000,2023-10-17 08:30:00,20.15885353,49.39011958
23098,2023-10-16 08:00:00,16.6,5133333,2023-10-16 08:00:00,20.15885353,47.74305344
23098,2023-10-16 12:00:00,16.7,6165333,2023-10-16 12:00:00,19.94907379,46.08258967
23098,2023-10-16 16:00:00,17.2,8008000,2023-10-16 16:00:00,20.69777107,47.93773886
23098,2023-10-16 20:00:00,17.5,14320000,2023-10-16 20:00:00,20.08651543,47.34157944
23098,2023-10-17 07:00:00,26.6,47013333,2023-10-17 07:00:00,20.62905121,46.46648584
23098,2023-10-17 08:30:00,28.5,91200000,2023-10-17 08:30:00,20.15885353,49.39011958
23099,2023-10-22 08:30:00,16.8,2632000,2023-10-22 08:30:00,20.3614006,47.60923004
23099,2023-10-23 07:30:00,28.9,56426666,2023-10-23 07:30:00,20.15614033,49.7818711
23099,2023-10-23 08:40:00,28.6,70026666,2023-10-23 08:45:00,19.96580219,50.01084995
23099,2023-10-23 09:40:00,30,81653333,2023-10-23 09:45:00,19.97484446,50.21249199
23100,2023-10-22 08:30:00,16.8,2632000,2023-10-22 08:30:00,20.3614006,47.60923004
23100,2023-10-23 07:30:00,28.9,56426666,2023-10-23 07:30:00,20.15614033,49.7818711
23100,2023-10-23 08:40:00,28.6,70026666,2023-10-23 08:45:00,19.96580219,50.01084995
23100,2023-10-23 09:40:00,30,81653333,2023-10-23 09:45:00,19.97484446,50.21249199
23101,2023-10-23 07:30:00,15,3485333,2023-10-23 07:30:00,20.15614033,49.7818711
23101,2023-10-23 12:00:00,15,5610666,2023-10-23 12:00:00,20.49341774,45.18228912
23101,2023-10-23 16:00:00,15.3,7120000,2023-10-23 16:00:00,20.08651543,51.4172391
23101,2023-10-23 20:00:00,15.8,11653333,2023-10-23 20:00:00,20.1552372,50.72337723
23101,2023-10-24 06:30:00,23.3,82426666,2023-10-24 06:30:00,20.14890766,50.58593559
23102,2023-10-23 07:30:00,15,3485333,2023-10-23 07:30:00,20.15614033,49.7818711
23102,2023-10-23 12:00:00,15,5610666,2023-10-23 12:00:00,20.49341774,45.18228912
23102,2023-10-23 16:00:00,15.3,7120000,2023-10-23 16:00:00,20.08651543,51.4172391
23102,2023-10-23 20:00:00,15.8,11653333,2023-10-23 20:00:00,20.1552372,50.72337723
23102,2023-10-24 06:30:00,23.3,82426666,2023-10-24 06:30:00,20.14890766,50.58593559
23103,2023-10-30 09:45:00,15.1,5554666,2023-10-30 09:45:00,19.89708042,49.18730205
23103,2023-10-30 13:45:00,15.4,8426666,2023-10-30 13:45:00,20.15704536,49.97378156
23103,2023-10-30 17:45:00,15.7,11013333,2023-10-30 17:45:00,20.04537344,48.82691182
23103,2023-10-31 08:20:00,22.2,66640000,2023-10-31 08:15:00,20.22667122,48.28830147
23103,2023-10-31 09:20:00,23.1,72346666,2023-10-31 09:15:00,19.97348833,48.42664719
23103,2023-10-31 10:15:00,23.5,83120000,2023-10-31 10:15:00,20.26012707,48.07144182
23104,2023-10-30 10:00:00,16.2,5666666,2023-10-30 10:00:00,19.7700367,49.70729756
23104,2023-10-30 14:00:00,16.6,9040000,2023-10-30 14:00:00,20.0214119,50.37379965
23104,2023-10-30 18:00:00,17.8,12906666,2023-10-30 18:00:00,20.08651543,48.97280121
23104,2023-10-31 08:20:00,27.8,90133333,2023-10-31 08:15:00,20.22667122,48.28830147
23105,2023-10-30 09:45:00,15.1,5554666,2023-10-30 09:45:00,19.89708042,49.18730205
23105,2023-10-30 13:45:00,15.4,8426666,2023-10-30 13:45:00,20.15704536,49.97378156
23105,2023-10-30 17:45:00,15.7,11013333,2023-10-30 17:45:00,20.04537344,48.82691182
23105,2023-10-31 08:20:00,22.2,66640000,2023-10-31 08:15:00,20.22667122,48.28830147
23105,2023-10-31 09:20:00,23.1,72346666,2023-10-31 09:15:00,19.97348833,48.42664719
23105,2023-10-31 10:15:00,23.5,83120000,2023-10-31 10:15:00,20.26012707,48.07144182
23108,2023-11-05 09:30:00,16.6,2250666,2023-11-05 09:30:00,20.25650978,42.9969249
23108,2023-11-06 08:30:00,28.9,98933333,2023-11-06 08:30:00,20.18778896,42.32116944
23109,2023-11-05 09:30:00,16.6,2250666,2023-11-05 09:30:00,20.25650978,42.9969249
23109,2023-11-06 08:30:00,28.9,98933333,2023-11-06 08:30:00,20.18778896,42.32116944
23110,2023-11-06 12:40:00,16.2,6530666,2023-11-06 12:45:00,20.39395189,41.50028896
23110,2023-11-06 16:40:00,16.5,8853333,2023-11-06 16:45:00,20.29132223,44.30609894
23110,2023-11-06 20:40:00,16.6,12453333,2023-11-06 20:45:00,20.31528521,46.90755177
23110,2023-11-07 07:00:00,21,50533333,2023-11-07 07:00:00,20.2890625,45.45717621
23110,2023-11-07 11:00:00,25.8,84266666,2023-11-07 11:00:00,19.89301109,47.48263931
23111,2023-11-06 16:40:00,16.5,8853333,2023-11-06 16:45:00,20.29132223,44.30609894
23111,2023-11-06 20:40:00,16.6,12453333,2023-11-06 20:45:00,20.31528521,46.90755177
23111,2023-11-07 07:00:00,21,50533333,2023-11-07 07:00:00,20.2890625,45.45717621
23111,2023-11-07 11:00:00,25.8,84266666,2023-11-07 11:00:00,19.89301109,47.48263931
23112,2023-11-12 09:35:00,16.5,2957333,2023-11-12 09:30:00,19.54759789,48.7720623
23112,2023-11-13 08:30:00,27.6,97866666,2023-11-13 08:30:00,20.01779461,51.93865585
23113,2023-11-12 09:35:00,16.5,2957333,2023-11-12 09:30:00,19.54759789,48.7720623
23113,2023-11-13 08:30:00,27.6,97866666,2023-11-13 08:30:00,20.01779461,51.93865585
23114,2023-11-13 07:45:00,14.9,5802666,2023-11-13 07:45:00,20.08651543,51.93865585
23114,2023-11-13 11:45:00,15,8320000,2023-11-13 11:45:00,20.46267366,50.82465076
23114,2023-11-13 15:45:00,16.2,12266666,2023-11-13 15:45:00,20.389431,48.83807087
23114,2023-11-13 19:45:00,16.7,21893333,2023-11-13 19:45:00,20.25470209,50.92411518
23114,2023-11-14 06:30:00,26.2,104266666,2023-11-14 06:30:00,20.38400555,51.19357491
23117,2023-11-13 07:45:00,14.9,5802666,2023-11-13 07:45:00,20.08651543,51.93865585
23117,2023-11-13 11:45:00,15,8320000,2023-11-13 11:45:00,20.46267366,50.82465076
23117,2023-11-13 15:45:00,16.2,12266666,2023-11-13 15:45:00,20.389431,48.83807087
23117,2023-11-13 19:45:00,16.7,21893333,2023-11-13 19:45:00,20.25470209,50.92411518
23117,2023-11-14 06:30:00,26.2,104266666,2023-11-14 06:30:00,20.38400555,51.19357491
23118,2023-11-19 07:00:00,16.9,2224000,2023-11-19 07:00:00,20.08651543,47.88411331
23118,2023-11-20 06:50:00,26.6,104266666,2023-11-20 06:45:00,20.09374952,46.0268364
23119,2023-11-19 07:00:00,16.9,2224000,2023-11-19 07:00:00,20.08651543,47.88411331
23119,2023-11-20 06:50:00,26.6,104266666,2023-11-20 06:45:00,20.09374952,46.0268364
23120,2023-11-20 08:00:00,16.2,5685333,2023-11-20 08:00:00,20.0214119,45.99247742
23120,2023-11-20 12:00:00,16.3,9786666,2023-11-20 12:00:00,20.2890625,47.61284637
23120,2023-11-20 16:00:00,17,20373333,2023-11-20 16:00:00,20.0214119,49.37789154
23120,2023-11-20 20:00:00,18.2,20800000,2023-11-20 20:00:00,20.22395706,49.50810242
23120,2023-11-21 07:00:00,26.8,105066666,2023-11-21 07:00:00,20.04853821,51.80844879
23121,2023-11-20 08:00:00,11.2,6141333,2023-11-20 08:00:00,20.0214119,45.99247742
23121,2023-11-20 12:00:00,11.8,15253333,2023-11-20 12:00:00,20.2890625,47.61284637
23121,2023-11-20 16:00:00,12.9,12080000,2023-11-20 16:00:00,20.0214119,49.37789154
23121,2023-11-20 20:00:00,14,34560000,2023-11-20 20:00:00,20.22395706,49.50810242
23121,2023-11-21 07:00:00,24.4,143200000,2023-11-21 07:00:00,20.04853821,51.80844879
23124,2023-11-26 07:40:00,15.9,2824208,2023-11-26 07:45:00,20.62769413,37.10485363
23124,2023-11-27 06:40:00,25.5,88533333,2023-11-27 06:45:00,19.77215518,41.4489006
23125,2023-11-26 07:40:00,15.9,2824208,2023-11-26 07:45:00,20.62769413,37.10485363
23125,2023-11-27 06:40:00,25.5,88533333,2023-11-27 06:45:00,19.77215518,41.4489006
23126,2023-11-27 07:30:00,14,8090666,2023-11-27 07:30:00,19.81524849,41.47496986
23126,2023-11-27 11:30:00,14.1,15653333,2023-11-27 11:30:00,19.88216019,42.88917732
23126,2023-11-27 15:30:00,15.2,20133333,2023-11-27 15:30:00,20.42288685,43.74598778
23126,2023-11-27 19:30:00,16.4,36213333,2023-11-27 19:30:00,20.32342339,45.6524868
23126,2023-11-28 06:30:00,28.5,134133333,2023-11-28 06:30:00,20.08651543,41.3339119
23127,2023-11-27 07:30:00,14,8090666,2023-11-27 07:30:00,19.81524849,41.47496986
23127,2023-11-27 11:30:00,14.1,15653333,2023-11-27 11:30:00,19.88216019,42.88917732
23127,2023-11-27 15:30:00,15.2,20133333,2023-11-27 15:30:00,20.42288685,43.74598778
23127,2023-11-27 19:30:00,16.4,36213333,2023-11-27 19:30:00,20.32342339,45.6524868
23127,2023-11-28 06:30:00,28.5,134133333,2023-11-28 06:30:00,20.08651543,41.3339119
23131,2023-12-03 07:00:00,15.4,2312000,2023-12-03 07:00:00,20.76649284,37.74233246
23131,2023-12-04 06:45:00,22.3,144800000,2023-12-04 06:45:00,19.90160179,37.81557465
23132,2023-12-03 07:00:00,15.6,2821333,2023-12-03 07:00:00,20.76649284,37.74233246
23132,2023-12-04 06:45:00,25,101333333,2023-12-04 06:45:00,19.90160179,37.81557465
23133,2023-12-03 07:00:00,15.6,2821333,2023-12-03 07:00:00,20.76649284,37.74233246
23133,2023-12-04 06:45:00,25,101333333,2023-12-04 06:45:00,19.90160179,37.81557465
23136,2023-12-17 07:45:00,15.7,2394666,2023-12-17 07:45:00,20.43696041,35.62283039
23136,2023-12-18 07:00:00,26.6,122400000,2023-12-18 07:00:00,20.2890625,32.20847702
23136,2023-12-18 13:00:00,32.6,166933333,2023-12-18 13:00:00,19.60908508,32.21932983
23137,2023-12-17 07:45:00,15.7,2394666,2023-12-17 07:45:00,20.43696041,35.62283039
23137,2023-12-18 07:00:00,26.6,122400000,2023-12-18 07:00:00,20.2890625,32.20847702
23137,2023-12-18 13:00:00,32.6,166933333,2023-12-18 13:00:00,19.60908508,32.21932983
23138,2023-12-18 07:40:00,12.9,4530666,2023-12-18 07:45:00,20.48980045,31.90194559
23138,2023-12-18 11:40:00,12.7,7762666,2023-12-18 11:45:00,20.62272024,30.6871825
23138,2023-12-18 15:40:00,13.2,9680000,2023-12-18 15:45:00,19.74652672,31.75094032
23138,2023-12-18 19:40:00,13.7,10320000,2023-12-18 19:45:00,19.76070013,33.16695499
23138,2023-12-19 07:00:00,18.1,25146666,2023-12-19 07:00:00,19.49696159,32.08911896
23138,2023-12-19 08:00:00,18.5,34213333,2023-12-19 08:00:00,19.82971573,31.40914345
23138,2023-12-19 09:30:00,19.4,41920000,2023-12-19 09:30:00,19.87763977,31.75856863
23138,2023-12-19 11:00:00,20.2,42880000,2023-12-19 11:00:00,20.70681381,30.58810806
23138,2023-12-19 12:40:00,21.8,56773333,2023-12-19 12:45:00,19.81343985,31.27170134
23139,2023-12-18 07:40:00,12.9,4530666,2023-12-18 07:45:00,20.48980045,31.90194559
23139,2023-12-18 11:40:00,12.7,7762666,2023-12-18 11:45:00,20.62272024,30.6871825
23139,2023-12-18 15:40:00,13.2,9680000,2023-12-18 15:45:00,19.74652672,31.75094032
23139,2023-12-18 19:40:00,13.7,10320000,2023-12-18 19:45:00,19.76070013,33.16695499
23139,2023-12-19 07:00:00,18.1,25146666,2023-12-19 07:00:00,19.49696159,32.08911896
23139,2023-12-19 08:00:00,18.5,34213333,2023-12-19 08:00:00,19.82971573,31.40914345
23139,2023-12-19 09:30:00,19.4,41920000,2023-12-19 09:30:00,19.87763977,31.75856863
23139,2023-12-19 11:00:00,20.2,42880000,2023-12-19 11:00:00,20.70681381,30.58810806
23139,2023-12-19 12:40:00,21.8,56773333,2023-12-19 12:45:00,19.81343985,31.27170134
24003,2024-01-16 09:00:00,13.7,2178666,2024-01-16 09:00:00,20.01300804,40.23387554
24003,2024-01-16 13:00:00,14.1,4938666,2024-01-16 13:00:00,20.49160767,43.52541803
24003,2024-01-16 17:00:00,14.3,7456000,2024-01-16 17:00:00,19.94907379,47.61284637
24003,2024-01-16 20:30:00,14.3,10853333,2024-01-16 20:30:00,19.60908508,48.91312027
24003,2024-01-17 07:00:00,17.8,60880000,2024-01-17 07:00:00,20.15162086,50.99826431
24003,2024-01-17 09:00:00,19.4,89066666,2024-01-17 09:00:00,20.01779556,50.99826431
24005,2024-01-19 08:00:00,15.3,6616000,2024-01-19 08:00:00,19.81163216,43.84765625
24005,2024-01-19 12:00:00,15.8,12000000,2024-01-19 12:00:00,20.76468468,40.68140709
24005,2024-01-19 15:30:00,15.8,14586666,2024-01-19 15:30:00,20.18417168,43.36660767
24005,2024-01-19 19:00:00,17,24720000,2024-01-19 19:00:00,19.60908508,45.32696533
24005,2024-01-20 07:15:00,30.5,78293333,2024-01-20 07:15:00,19.61722422,39.94733734
24004,2024-01-15 07:35:00,14.5,3560000,2024-01-15 07:30:00,20.48166275,36.79349878
24004,2024-01-15 11:35:00,14.8,6165333,2024-01-15 11:30:00,19.6389246,39.93055534
24004,2024-01-15 15:35:00,15.2,9333333,2024-01-15 15:30:00,19.80801487,41.5923745
24004,2024-01-15 19:35:00,16.4,13040000,2024-01-15 19:30:00,19.9454565,45.86588478
24004,2024-01-16 06:40:00,21.6,54080000,2024-01-16 06:45:00,19.98656591,41.03009224
24004,2024-01-16 09:10:00,22.8,68586666,2024-01-16 09:15:00,20.22010931,39.98353024
24004,2024-01-16 11:00:00,24.5,79120000,2024-01-16 11:00:00,20.83159637,39.60317615
24007,2024-01-19 08:00:00,14.4,3488000,2024-01-19 08:00:00,19.81163216,43.84765625
24007,2024-01-19 12:00:00,14.7,10293333,2024-01-19 12:00:00,20.76468468,40.68140709
24007,2024-01-19 15:30:00,15,13866666,2024-01-19 15:30:00,20.18417168,43.36660767
24007,2024-01-19 19:00:00,15.8,21093333,2024-01-19 19:00:00,19.60908508,45.32696533
24007,2024-01-20 07:15:00,32.9,79466666,2024-01-20 07:15:00,19.61722422,39.94733734
24008,2024-01-19 08:00:00,14.4,3488000,2024-01-19 08:00:00,19.81163216,43.84765625
24008,2024-01-19 12:00:00,14.7,10293333,2024-01-19 12:00:00,20.76468468,40.68140709
24008,2024-01-19 15:30:00,15,13866666,2024-01-19 15:30:00,20.18417168,43.36660767
24008,2024-01-19 19:00:00,15.8,21093333,2024-01-19 19:00:00,19.60908508,45.32696533
24008,2024-01-20 07:15:00,32.9,79466666,2024-01-20 07:15:00,19.61722422,39.94733734
24009,2024-02-22 07:45:00,14.4,6104000,2024-02-22 07:45:00,19.84960937,44.17950726
24009,2024-01-22 10:48:00,14.6,11066666,2024-01-22 10:45:00,20.57298851,34.56746181
24009,2024-01-22 15:45:00,15.2,15466666,2024-01-22 15:45:00,19.89572477,37.15277767
24009,2024-01-22 19:45:00,16.2,26213333,2024-01-22 19:45:00,19.79716444,39.40972137
24009,2024-01-23 06:20:00,23.7,91466666,2024-01-23 06:15:00,19.64299345,37.94898696
24012,2024-02-22 07:45:00,14.4,6104000,2024-02-22 07:45:00,19.84960937,44.17950726
24012,2024-01-22 10:48:00,14.6,11066666,2024-01-22 10:45:00,20.57298851,34.56746181
24012,2024-01-22 15:45:00,15.2,15466666,2024-01-22 15:45:00,19.89572477,37.15277767
24012,2024-01-22 19:45:00,16.2,26213333,2024-01-22 19:45:00,19.79716444,39.40972137
24012,2024-01-23 06:20:00,23.7,91466666,2024-01-23 06:15:00,19.64299345,37.94898696
24010,2024-01-26 07:30:00,15.5,3688000,2024-01-26 07:30:00,19.74652672,45.45717621
24010,2024-01-26 11:30:00,15.8,8133333,2024-01-26 11:30:00,19.94726467,45.25462914
24010,2024-01-26 15:30:00,16.5,11840000,2024-01-26 15:30:00,20.15161991,45.4571743
24010,2024-01-26 19:15:00,17.2,23093333,2024-01-26 19:15:00,20.42107964,45.3513813
24010,2024-01-27 06:20:00,30.6,95466666,2024-01-27 06:15:00,19.8509655,44.96346855
24020,2024-01-26 07:30:00,15.5,3688000,2024-01-26 07:30:00,19.74652672,45.45717621
24020,2024-01-26 11:30:00,15.8,8133333,2024-01-26 11:30:00,19.94726467,45.25462914
24020,2024-01-26 15:30:00,16.5,11840000,2024-01-26 15:30:00,20.15161991,45.4571743
24020,2024-01-26 19:15:00,17.2,23093333,2024-01-26 19:15:00,20.42107964,45.3513813
24020,2024-01-27 06:20:00,30.6,95466666,2024-01-27 06:15:00,19.8509655,44.96346855
24019,2024-02-02 08:00:00,14.3,6448000,2024-02-02 08:00:00,20.15162086,40.91137256
24019,2024-02-03 06:00:00,19.4,11040000,2024-02-03 06:00:00,20.35416603,40.45138931
24019,2024-02-03 07:00:00,26.5,101333333,2024-02-03 07:00:00,20.89308357,39.71147074
24021,2024-02-02 08:00:00,15.5,6040000,2024-02-02 08:00:00,20.15162086,40.91137256
24021,2024-02-03 06:00:00,26.5,101333333,2024-02-03 06:00:00,20.35416603,40.45138931
24014,2024-02-09 08:00:00,12.2,7970666,2024-02-09 08:00:00,20.13172722,42.35025787
24014,2024-02-10 07:00:00,17.7,37066666,2024-02-10 07:00:00,19.88035202,47.13623021
24027,2024-02-09 08:00:00,12.2,7970666,2024-02-09 08:00:00,20.13172722,42.35025787
24027,2024-02-10 07:00:00,17.7,37066666,2024-02-10 07:00:00,19.88035202,47.13623021
24031,2024-02-16 07:45:00,15,7456000,2024-02-16 07:45:00,19.74471951,47.55678463
24031,2024-02-17 06:45:00,26.2,57253333,2024-02-17 06:45:00,19.64706278,50.05786896
24031,2024-02-17 07:45:00,29,66640000,2024-02-17 07:45:00,19.60908508,50.09207068
24035,2024-03-01 07:20:00,14.1,9093333,2024-03-01 07:15:00,20.62589123,37.77529699
24035,2024-03-02 06:45:00,20.9,88266666,2024-03-02 06:45:00,19.71352291,39.86183262
24036,2024-03-01 07:20:00,14.1,9093333,2024-03-01 07:15:00,20.62589123,37.77529699
24036,2024-03-02 06:45:00,20.9,88266666,2024-03-02 06:45:00,19.71352291,39.86183262
24041,2024-03-08 07:30:00,13.3,6408000,2024-03-08 07:30:00,19.61451054,43.35394859
24041,2024-03-09 07:20:00,23.7,141333333,2024-03-09 07:15:00,19.61224985,41.74985409
24041,2024-03-09 07:55:00,24.6,134666666,2024-03-09 07:45:00,19.61857939,41.88729572
24042,2024-03-08 07:30:00,13.3,6408000,2024-03-08 07:30:00,19.61451054,43.35394859
24042,2024-03-09 07:20:00,23.7,141333333,2024-03-09 07:15:00,19.61224985,41.74985409
24042,2024-03-09 07:55:00,24.6,134666666,2024-03-09 07:45:00,19.61857939,41.88729572
24043,2024-03-11 07:35:00,13.8,6102284,2024-03-11 07:30:00,19.62445641,40.85585612
24043,2024-03-11 20:00:00,16.2,26160000,2024-03-11 20:00:00,20.15162086,44.87879792
24043,2024-03-12 07:00:00,23.2,109600000,2024-03-12 07:00:00,19.81163216,42.8964119
24045,2024-03-11 07:35:00,13.8,6102284,2024-03-11 07:30:00,19.62445641,40.85585612
24045,2024-03-11 20:00:00,16.2,26160000,2024-03-11 20:00:00,20.15162086,44.87879792
24045,2024-03-12 07:00:00,23.2,109600000,2024-03-12 07:00:00,19.81163216,42.8964119
24044,2024-03-15 07:25:00,14.8,6690666,2024-03-15 07:30:00,19.8812561,48.16442299
24044,2024-03-16 07:17:00,25.2,101066666,2024-03-16 07:15:00,19.84418344,51.68185616
24044,2024-03-16 08:15:00,25.3,104800000,2024-03-16 08:15:00,19.71216631,52.11859703
24049,2024-03-15 07:25:00,14.8,6690666,2024-03-15 07:30:00,19.8812561,48.16442299
24049,2024-03-16 07:17:00,25.2,101066666,2024-03-16 07:15:00,19.84418344,51.68185616
24049,2024-03-16 08:15:00,25.3,104800000,2024-03-16 08:15:00,19.71216631,52.11859703
24050,2024-03-22 07:15:00,14.7,5597333,2024-03-22 07:15:00,20.42650414,52.44502258
24050,2024-03-23 07:00:00,25.3,98666666,2024-03-23 07:00:00,20.35416603,51.40335464
24050,2024-03-23 08:00:00,25.9,102666666,2024-03-23 08:00:00,20.22034073,51.67824173
24051,2024-03-22 07:15:00,14.7,5597333,2024-03-22 07:15:00,20.42650414,52.44502258
24051,2024-03-23 07:00:00,25.3,98666666,2024-03-23 07:00:00,20.35416603,51.40335464
24051,2024-03-23 08:00:00,25.9,102666666,2024-03-23 08:00:00,20.22034073,51.67824173
24054,2024-04-15 07:30:00,13.3,6202666,2024-04-15 07:30:00,20.08651543,45.53313065
24054,2024-04-16 06:45:00,23.2,115200000,2024-04-16 06:45:00,20.42288685,47.95735645
24054,2024-04-16 07:30:00,24.2,121866666,2024-04-16 07:30:00,20.3559742,47.88773155
24055,2024-04-12 07:10:00,13.5,6538666,2024-04-12 07:15:00,20.07792616,43.91004658
24055,2024-04-13 06:45:00,23.8,138933333,2024-04-13 06:45:00,20.38852644,45.62264824
24055,2024-04-13 07:30:00,25.6,159200000,2024-04-13 07:30:00,20.35416603,45.65972137
24056,2024-04-12 07:10:00,13.5,6538666,2024-04-12 07:15:00,20.07792616,43.91004658
24056,2024-04-13 06:45:00,23.8,138933333,2024-04-13 06:45:00,20.38852644,45.62264824
24056,2024-04-13 07:30:00,25.6,159200000,2024-04-13 07:30:00,20.35416603,45.65972137
24057,2024-04-15 07:30:00,13.3,6202666,2024-04-15 07:30:00,20.08651543,45.53313065
24057,2024-04-16 06:45:00,23.2,115200000,2024-04-16 06:45:00,20.42288685,47.95735645
24057,2024-04-16 07:30:00,24.2,121866666,2024-04-16 07:30:00,20.3559742,47.88773155
24060,2024-04-19 07:30:00,14.9,7218666,2024-04-19 07:30:00,19.89029884,41.06626129
24060,2024-04-20 07:30:00,24.2,109600000,2024-04-20 07:30:00,19.96082878,45.79535484
24060,2024-04-20 08:00:00,26.6,125600000,2024-04-20 08:00:00,19.90205383,45.85503387
24061,2024-04-19 07:30:00,14.9,7218666,2024-04-19 07:30:00,19.89029884,41.06626129
24061,2024-04-20 07:30:00,24.2,109600000,2024-04-20 07:30:00,19.96082878,45.79535484
24061,2024-04-20 08:00:00,26.6,125600000,2024-04-20 08:00:00,19.90205383,45.85503387
24063,2024-04-22 07:30:00,14.2,5269333,2024-04-22 07:30:00,20.22034073,46.94010162
24063,2024-04-23 06:30:00,19.6,57866666,2024-04-23 06:30:00,20.18778896,40.70348212
24063,2024-04-23 08:00:00,20.8,66560000,2024-04-23 08:00:00,19.74652672,40.17429667
24063,2024-04-23 09:00:00,21,77253333,2024-04-23 09:00:00,19.74652672,38.89010206
24063,2024-04-23 09:45:00,20.8,72613333,2024-04-23 09:45:00,19.86317205,39.66230384
24064,2024-04-22 07:30:00,14.2,5269333,2024-04-22 07:30:00,20.22034073,46.94010162
24064,2024-04-23 06:30:00,19.6,57866666,2024-04-23 06:30:00,20.18778896,40.70348212
24064,2024-04-23 08:00:00,20.8,66560000,2024-04-23 08:00:00,19.74652672,40.17429667
24064,2024-04-23 09:00:00,21,77253333,2024-04-23 09:00:00,19.74652672,38.89010206
24064,2024-04-23 09:45:00,20.8,72613333,2024-04-23 09:45:00,19.86317205,39.66230384
24067,2024-04-26 07:45:00,17,598133,2024-04-26 07:45:00,19.9486208,48.03402128
24067,2024-04-27 07:00:00,24.2,122933333,2024-04-27 07:00:00,20.15162086,51.46349946
24067,2024-04-27 08:30:00,25.1,69466666,2024-04-27 08:30:00,20.15162086,51.94227219
24067,2024-04-27 09:00:00,26.4,60053333,2024-04-27 09:00:00,20.15162086,51.94227219
24067,2024-04-27 09:15:00,26.4,84800000,2024-04-27 09:15:00,20.11816454,51.97753716
24067,2024-04-27 10:00:00,26.4,122933333,2024-04-27 10:00:00,20.01779556,52.08333206
24070,2024-04-26 07:45:00,17,598133,2024-04-26 07:45:00,19.9486208,48.03402128
24070,2024-04-27 07:00:00,24.2,48240000,2024-04-27 07:00:00,20.15162086,51.46349946
24070,2024-04-27 08:30:00,25.1,69466666,2024-04-27 08:30:00,20.15162086,51.94227219
24070,2024-04-27 09:00:00,26.4,60053333,2024-04-27 09:00:00,20.15162086,51.94227219
24070,2024-04-27 09:15:00,26.4,84800000,2024-04-27 09:15:00,20.11816454,51.97753716
24070,2024-04-27 10:00:00,26.4,122933333,2024-04-27 10:00:00,20.01779556,52.08333206
24071,2024-04-29 07:50:00,17.8,837333,2024-04-29 07:45:00,20.13037109,50.66315151
24071,2024-04-30 06:45:00,26,52186666,2024-04-30 06:45:00,20.39395189,51.60137939
24071,2024-04-30 08:00:00,26.8,65600000,2024-04-30 08:00:00,20.07687122,52.0760994
24071,2024-04-30 09:00:00,27.4,84213333,2024-04-30 09:00:00,20.22395706,52.48480988
24072,2024-05-13 08:20:00,13,3898666,2024-05-13 08:15:00,20.20994234,49.68899133
24072,2024-05-14 07:00:00,23.8,132800000,2024-05-14 07:00:00,20.3614006,48.57493973
24072,2024-05-14 08:00:00,24.3,144533333,2024-05-14 08:00:00,20.22395706,48.54444851
24073,2024-05-13 08:00:00,13.8,5808000,2024-05-13 08:00:00,20.14800262,49.37789154
24073,2024-05-14 07:00:00,23.8,126400000,2024-05-14 07:00:00,20.3614006,48.57493973
24073,2024-05-14 08:00:00,24.3,143466666,2024-05-14 08:00:00,20.22395706,48.54444851
24075,2024-05-13 08:00:00,13.8,5808000,2024-05-13 08:00:00,20.14800262,49.37789154
24075,2024-05-14 07:00:00,23.8,126400000,2024-05-14 07:00:00,20.3614006,48.57493973
24075,2024-05-14 08:00:00,24.3,142666666,2024-05-14 08:00:00,20.22395706,48.54444851
24074,2024-05-17 07:20:00,14.1,6144000,2024-05-17 07:15:00,20.2890625,51.89615726
24074,2024-05-18 06:45:00,22.5,128533333,2024-05-18 06:45:00,20.08651543,51.88102209
24074,2024-05-18 07:30:00,23.7,129866666,2024-05-18 07:30:00,20.08651543,52.14662743
24076,2024-05-17 07:20:00,14.1,6144000,2024-05-17 07:15:00,20.2890625,51.89615726
24076,2024-05-18 06:45:00,22.5,128533333,2024-05-18 06:45:00,20.08651543,51.88102209
24076,2024-05-18 07:30:00,23.7,129866666,2024-05-18 07:30:00,20.08651543,52.14662743
24077,2024-05-20 07:20:00,16.2,5184000,2024-05-20 07:15:00,20.42107821,47.35499091
24077,2024-05-21 06:30:00,26.5,122666666,2024-05-21 06:30:00,20.35778332,49.43757248
24078,2024-05-20 07:20:00,16.2,5184000,2024-05-20 07:15:00,20.42107821,47.35499091
24078,2024-05-21 06:30:00,26.5,122666666,2024-05-21 06:30:00,20.35778332,49.43757248
24083,2024-05-24 07:40:00,14.1,1672000,2024-05-24 07:45:00,20.05215502,51.43283162
24083,2024-05-25 06:10:00,21.4,74960000,2024-05-25 06:15:00,20.25605822,51.96759129
24083,2024-05-25 07:45:00,24.8,137066666,2024-05-25 07:45:00,20.15704536,50.66774515
24083,2024-05-25 08:45:00,26.3,124533333,2024-05-25 08:45:00,20.25605822,50.86699089
24084,2024-05-24 07:40:00,14.1,1672000,2024-05-24 07:45:00,20.05215502,51.43283162
24084,2024-05-25 06:10:00,21.4,74960000,2024-05-25 06:15:00,20.25605822,51.96759129
24084,2024-05-25 07:45:00,24.8,137066666,2024-05-25 07:45:00,20.15704536,50.66774515
24084,2024-05-25 08:45:00,26.3,124533333,2024-05-25 08:45:00,20.25605822,50.86699089
24085,2024-05-27 08:10:00,16.2,6637333,2024-05-27 08:15:00,20.25786686,50.6822896
24085,2024-05-28 06:30:00,25.7,98666666,2024-05-28 06:30:00,20.27640247,51.2804675
24085,2024-05-28 07:30:00,25.5,122133333,2024-05-28 07:30:00,20.22395706,51.2799138
24081,2024-05-27 08:10:00,16.2,6637333,2024-05-27 08:15:00,20.25786686,50.6822896
24081,2024-05-28 06:30:00,25.7,98666666,2024-05-28 06:30:00,20.27640247,51.2804675
24081,2024-05-28 07:30:00,25.5,122133333,2024-05-28 07:30:00,20.22395706,51.2799138
24088,2024-05-31 07:45:00,16,5090666,2024-05-31 07:45:00,20.29086971,47.99958966
24088,2024-06-01 06:40:00,23.8,128800000,2024-06-01 06:45:00,20.32387447,49.00643547
24088,2024-06-01 07:25:00,25.5,129600000,2024-06-01 07:30:00,20.42650414,49.98569926
24089,2024-05-31 07:45:00,16,5090666,2024-05-31 07:45:00,20.29086971,47.99958966
24089,2024-06-01 06:40:00,23.8,128800000,2024-06-01 06:45:00,20.32387447,49.00643547
24089,2024-06-01 07:25:00,25.5,129600000,2024-06-01 07:30:00,20.42650414,49.98569926
24091,2024-06-03 07:05:00,17.2,5626666,2024-06-03 07:00:00,20.49522591,48.02246697
24091,2024-06-04 06:20:00,25.6,103733333,2024-06-04 06:15:00,20.30533743,51.22082943
24092,2024-06-03 07:05:00,17.2,5626666,2024-06-03 07:00:00,20.49522591,48.02246697
24092,2024-06-04 06:20:00,25.6,103733333,2024-06-04 06:15:00,20.30533743,51.22082943
24095,2024-06-10 07:30:00,12.1,3525333,2024-06-10 07:30:00,20.29267883,49.48151427
24095,2024-06-11 06:15:00,21.4,66373333,2024-06-11 06:15:00,20.18959713,48.53153896
24095,2024-06-11 07:15:00,21.4,83200000,2024-06-11 07:15:00,20.46448183,47.68478896
24097,2024-06-10 07:30:00,12.1,3525333,2024-06-10 07:30:00,20.29267883,49.48151427
24097,2024-06-11 06:15:00,21.4,66373333,2024-06-11 06:15:00,20.18959713,48.53153896
24097,2024-06-11 07:15:00,21.4,83200000,2024-06-11 07:15:00,20.46448183,47.68478896
24098,2024-06-14 08:15:00,17.4,6914666,2024-06-14 08:15:00,20.01462936,49.45655918
24098,2024-06-15 08:00:00,27.6,42666666,2024-06-15 08:00:00,20.11471367,49.2739563
24098,2024-06-15 09:20:00,28.2,48800000,2024-06-15 09:15:00,20.25848532,49.07502842
24098,2024-06-15 10:20:00,28.7,48666666,2024-06-15 10:15:00,20.32042551,49.00449944
24098,2024-06-15 10:45:00,29.6,54213333,2024-06-15 10:45:00,20.25441694,49.27576637
24101,2024-06-28 07:20:00,16.2,5608000,2024-06-28 07:15:00,20.30957508,50.69087505
24101,2024-06-29 06:30:00,28.1,90933333,2024-06-29 06:30:00,20.35523701,48.80014229
24103,2024-06-28 07:20:00,16.2,5608000,2024-06-28 07:15:00,20.30957508,50.69087505
24103,2024-06-29 06:30:00,28.1,90933333,2024-06-29 06:30:00,20.35523701,48.80014229
24105,2024-07-01 07:10:00,14.4,5808000,2024-07-01 07:15:00,20.76213932,48.95928764
24105,2024-07-02 06:30:00,25,73573333,2024-07-02 06:30:00,20.28651619,50.68997192
24105,2024-07-02 07:30:00,26.3,82133333,2024-07-02 07:30:00,20.35523701,50.892519
24104,2024-07-01 07:10:00,14.4,5808000,2024-07-01 07:15:00,20.76213932,48.95928764
24104,2024-07-02 06:30:00,25,73573333,2024-07-02 06:30:00,20.28651619,50.68997192
24104,2024-07-02 07:30:00,26.3,82133333,2024-07-02 07:30:00,20.35523701,50.892519
24108,2024-07-05 07:15:00,17.5,2173333,2024-07-05 07:15:00,20.62831402,50.44944954
24108,2024-07-06 06:15:00,27.6,80400000,2024-07-06 06:15:00,20.2819953,49.48011875
24108,2024-07-06 07:00:00,28.1,92800000,2024-07-06 07:00:00,20.34438705,49.2739563
