OF_ORDEN,OF_LOTE,OF_CANTIDAD_ENTREGADA,CF_ORDEN_EN_EL_ENCADENADO,CF_LOTE_PARENTAL,CF_ID_BIOREACTOR,CF_FECHA/HORA_INICIO,CF_FECHA/HORA_FIN,CF_VOLUMEN_DE_INOCULO_UTILIZADO,CF_TURBIDEZ_INICIO_CULTIVO,CF_TURBIDEZ_FIN_CULTIVO,CF_VIABILIDAD_FINAL_CULTIVO,CF_ID_CENTRIFUGA,CF_CENTRIFUGACION_1_TURBIDEZ,CF_CENTRIFUGACION_2_TURBIDEZ,CF_PRODUCTO_1,CF_PRODUCTO_2,P_FECHA/HORA_INICIO,P_FECHA/HORA_FIN,P_PH_MAS_BAJO_1,P_PH_MAS_BAJO_2,P_TURBIDEZ_PH_BAJO_1,P_TURBIDEZ_PH_BAJO_2,I_ID_BIOREACTOR_y,I_FECHA/HORA_INICIO,I_FECHA/HORA_FIN,I_VOLUMEN_DE_CULTIVO,I_TURBIDEZ_INICIO_CULTIVO,I_TURBIDEZ_FINAL_CULTIVO,I_VIABILIDAD_FINAL_CULTIVO
200178572,23019,13.8,1,,14615,2023-03-21 7:30:00,2023-03-23 6:30:00,82.4,17.28,91.2,184000000,17825,,,1747.92,6,,,,,,,13171,,,,,32.8,134400000
200179217,23020,13.6,1,,14616,2023-03-21 7:30:00,2023-03-23 6:30:00,80.4,18.8,91.2,181600000,14246,,,1676.16,6.56,,,,,,,13171,,,,,32.8,134400000
200181620,23021,13.5,1,,13170,2023-03-22 7:30:00,2023-03-24 6:30:00,66.4,16.16,86.4,248000000,17825,,,1928.496,8.08,,,,,,,14618,,,,,27.84,115200000
200182428,23022,13.8,1,,14614,2023-03-22 7:30:00,2023-03-24 6:30:00,85.6,18.48,83.2,229600000,12912,,,1782.8,5.92,,,,,,,14618,,,,,27.84,115200000
200182429,23023,13.7,1,,14615,2023-03-28 7:27:00,2023-03-30 10:00:00,77.6,17.12,74.4,132800000,17825,26.56,20.88,1861.84,2.96,2023-03-26 5:00:00,2023-03-27 7:21:00,5.496,5.504,28.32,27.92,14618,2023-03-27 7:22:00,2023-03-28 7:29:00,155.2,18.24,31.68,106400000
200182430,23024,13.7,1,,14616,2023-03-28 7:24:00,2023-03-30 7:23:00,76,16.56,80.8,199200000,14246,24.56,10.4,2161.12,2.8,2023-03-26 5:00:00,2023-03-27 7:21:00,5.496,5.504,28.32,27.92,14618,2023-03-27 7:22:00,2023-03-28 7:29:00,155.2,18.24,31.68,106400000
200182431,23025,13.7,1,,13170,2023-03-29 7:09:00,2023-03-31 7:29:00,77.2,17.76,87.2,199200000,17825,30.64,29.36,2044.72,4.48,2023-03-17 6:00:00,2023-03-28 7:42:00,5.48,5.52,26.56,26.96,13172,2023-03-28 7:42:00,2023-03-29 6:43:00,157.6,16.96,27.6,84800000
200182432,23026,13.8,1,,14614,2023-03-29 7:29:00,2023-03-31 7:38:00,78.8,18.24,81.2,206400000,14246,26.48,11.6,2263.2,3.44,2023-03-17 6:00:00,2023-03-28 7:42:00,5.48,5.52,26.56,26.96,13172,2023-03-28 7:42:00,2023-03-29 6:43:00,157.6,16.96,27.6,84800000
200182433,23027,13.7,1,,14615,2023-04-04 10:32:00,2023-04-06 12:30:00,83.2,16.88,68.08,195200000,14246,26.24,9.84,1407.68,4.08,2023-04-02 5:00:00,2023-04-03 13:30:00,5.384,5.4,33.84,32.48,13172,2023-04-03 13:30:00,2023-04-04 11:35:00,168,18.88,23.52,104800000
200182434,23028,13.7,1,,14616,2023-04-04 10:34:00,2023-04-06 12:32:00,83.6,18.56,67.2,176000000,17825,27.28,12.16,1373.2,4.72,2023-04-02 5:00:00,2023-04-03 13:30:00,5.384,5.4,33.84,32.48,13172,2023-04-03 13:30:00,2023-04-04 11:35:00,168,18.88,23.52,104800000
200182435,23029,13.7,1,,13170,2023-04-18 7:30:00,2023-04-20 7:30:00,80.56,16.96,85.6,262400000,6379,27.84,13.36,2063.68,6.72,2023-04-15 5:30:00,2023-04-16 6:30:00,5.52,5.52,30,30.32,13172,2023-04-17 8:10:00,2023-04-18 7:00:00,162.72,18.4,28,96800000
200182436,23030,13.9,1,,14614,2023-04-18 7:30:00,2023-04-20 7:30:00,81.36,19.36,76,179200000,12912,28.72,12.56,2019.68,5.84,2023-04-15 5:30:00,2023-04-16 6:30:00,5.52,5.52,30,30.32,13172,2023-04-17 8:10:00,2023-04-18 7:00:00,162.72,18.4,28,96800000
200182437,23031,13.8,1,,14615,2023-04-18 7:30:00,2023-04-20 7:30:00,82.24,18.64,84,97600000,14246,29.52,,1816.08,6.16,2023-04-15 5:30:00,2023-04-16 6:30:00,5.512,5.52,32.96,32.08,14618,2023-04-17 8:30:00,2023-04-18 7:15:00,166.08,17.6,28.08,105600000
200182440,23032,13.7,1,,14616,2023-04-18 7:30:00,2023-04-20 8:40:00,83.04,18.88,76,196000000,17825,29.44,,1865.36,6.56,2023-04-15 5:30:00,2023-04-16 6:30:00,5.512,5.52,32.96,32.08,14618,2023-04-17 8:30:00,2023-04-18 7:15:00,166.08,17.6,28.08,105600000
200182441,23033,13.8,1,,14616,2023-04-25 12:30:00,2023-04-27 13:30:00,82.4,17.84,72.48,227200000,17825,29.12,16,1628.88,5.52,2023-04-23 5:00:00,2023-03-24 13:30:00,5.392,5.448,29.44,28.08,13172,2023-04-24 13:30:00,2023-04-25 12:25:00,165.6,16.96,24.24,104000000
200182442,23034,13.8,1,,14615,2023-04-25 12:30:00,2023-04-27 13:30:00,83.2,16.32,69.12,196800000,12912,24,16,1592,5.52,2023-04-23 5:00:00,2023-03-24 13:30:00,5.392,5.448,29.44,28.08,13172,2023-04-24 13:30:00,2023-04-25 12:25:00,165.6,16.96,24.24,104000000
200182443,23035,13.8,1,,14614,2023-04-25 7:45:00,2023-04-27 10:30:00,85.92,17.76,59.52,207200000,14246,25.2,15.12,1499.76,4.64,2023-04-23 5:00:00,2023-03-24 7:30:00,5.52,5.52,25.68,26.56,14618,2023-04-24 7:30:00,2023-04-25 7:30:00,85.92,18,26.24,81600000
200182444,23036,13.7,1,,13170,2023-05-22 7:30:00,2023-05-24 9:35:00,82,16.4,65.92,142400000,14246,25.84,12.88,1403.44,4.24,2023-05-20 5:00:00,2023-05-21 7:50:00,5.384,5.464,35.44,32.96,13171,2023-05-21 7:50:00,2023-05-22 7:30:00,164.4,14.96,21.76,88000000
200185569,23038,14,1,,14615,2023-05-23 8:00:00,2023-05-25 10:45:00,83.6,15.28,67.92,145600000,14246,23.04,13.52,1674.64,4.4,2023-05-21 5:00:00,2023-05-22 7:50:00,5.552,5.56,24.4,25.28,14618,2023-05-22 7:50:00,2023-05-23 7:50:00,168.72,12.32,22.32,115200000
200185570,23039,13.7,1,,14616,2023-05-23 8:00:00,2023-05-25 10:15:00,80.4,17.84,67.2,122400000,17825,28.48,13.84,1487.44,3.6,2023-05-21 5:00:00,2023-05-22 7:50:00,5.552,5.56,24.4,25.28,14618,2023-05-22 7:50:00,2023-05-23 7:50:00,168.72,12.32,22.32,115200000
200182445,23040,13.8,1,,13169,2023-05-30 12:00:00,2023-06-01 12:00:00,77.6,15.92,83.2,189866666,14246,27.44,,2129.92,8.16,2023-05-28 5:00:00,2023-05-29 7:30:00,5.432,5.48,33.68,25.04,14618,2023-05-29 7:30:00,2023-05-30 12:00:00,165.6,13.92,32.32,154400000
200184533,23041,13.8,1,,14616,2023-05-30 7:20:00,2023-06-01 7:20:00,82.8,15.6,76.8,260000000,17825,23.28,21.36,1873.68,7.28,2023-05-28 5:00:00,2023-05-29 7:30:00,5.432,5.48,33.68,25.04,14618,2023-05-29 7:30:00,2023-05-30 7:20:00,165.6,13.92,24.48,107200000
200184534,23042,13.7,1,,14614,2023-05-31 6:55:00,2023-06-02 9:20:00,79.2,15.28,68.96,209600000,17825,24.4,18.32,1609.76,6.4,2023-05-29 5:00:00,2023-05-30 7:30:00,5.472,5.512,27.12,24.8,13172,2023-05-30 7:30:00,2023-05-31 6:40:00,79.2,14.32,24.64,108800000
200184603,23043,13.7,1,,14615,2023-06-12 8:00:00,2023-06-14 10:30:00,84,16.24,64.96,188000000,14246,24.64,18.56,1427.912,4.48,2023-06-10 5:00:00,2023-06-11 7:35:00,5.44,5.512,31.6,31.44,14618,2023-06-11 7:35:00,2023-06-12 7:35:00,84,13.2,24.24,87200000
200184604,23044,13.7,1,,14616,2023-06-06 9:20:00,2023-06-08 13:50:00,81.2,14.88,56.48,369600000,17825,23.2,11.6,1240.704,4.96,2023-06-04 5:00:00,2023-06-05 8:00:00,5.488,5.552,30.48,26.8,14618,2023-06-05 8:00:00,2023-06-06 9:20:00,84,14.48,19.68,75767200
200184605,23045,13.8,1,,13170,2023-06-12 8:00:00,2023-06-14 8:30:00,81.6,16.72,72.8,174400000,17825,27.84,15.68,1613.808,6,2023-06-10 5:00:00,2023-06-11 7:35:00,5.44,5.512,31.6,31.44,14618,2023-06-11 7:35:00,2023-06-12 7:35:00,81.6,13.2,24.24,87200000
200184606,23046,0,1,,14614,2023-06-13 8:00:00,2023-06-15 9:15:00,82.8,14.08,69.68,178400000,14246,21.76,14.64,2060.992,8.72,2023-06-11 5:00:00,2023-06-12 9:00:00,5.568,5.584,26.4,28.64,13172,2023-06-12 9:00:00,2023-06-13 7:15:00,82.8,13.2,23.36,86400000
200184607,23047,0,1,,14616,2023-06-13 8:00:00,2023-06-15 8:15:00,83.2,18.72,72.08,162133333,17825,26.64,19.28,1697.6008,6.88,2023-06-11 5:00:00,2023-06-12 9:00:00,5.568,5.584,26.4,28.64,13172,2023-06-12 9:00:00,2023-06-13 7:15:00,83.2,13.2,23.36,86400000
200184609,23048,13.8,1,,14615,2023-06-20 7:15:00,2023-06-22 8:45:00,81.6,16,67.04,165600000,14246,21.84,20,1393.072,5.6,2023-06-18 5:00:00,2023-06-19 7:15:00,5.512,5.52,29.2,28.72,13171,2023-06-19 7:20:00,2023-06-20 7:15:00,165.6,14.16,27.04,86400000
200184610,23049,13.7,1,,14616,2023-06-20 7:15:00,2023-06-22 8:45:00,82.4,14.96,68.8,163200000,17825,21.28,24.88,1766.4688,7.52,2023-06-18 5:00:00,2023-06-19 7:15:00,5.512,5.52,29.2,28.72,13171,2023-06-19 7:20:00,2023-06-20 7:15:00,165.6,14.16,27.04,86400000
200184611,23050,13.8,1,,14614,2023-06-21 8:00:00,2023-06-23 8:00:00,83.2,16.16,75.28,129600000,17825,24.32,21.36,1755.072,6.8,2023-06-19 5:00:00,2023-06-20 7:30:00,5.408,5.488,26.96,25.76,14618,2023-06-20 7:40:00,2023-06-21 8:00:00,167.2,14.24,25.2,82400000
200184612,23051,13.7,1,,13170,2023-06-21 8:00:00,2023-06-23 10:30:00,80,14.8,49.76,211200000,14246,22.08,13.76,1225.824,5.68,2023-06-19 5:00:00,2023-06-20 7:30:00,5.408,5.488,26.96,25.76,14618,2023-06-20 7:40:00,2023-06-21 8:00:00,167.2,14.24,25.2,82400000
200187023,23053,13.8,1,,14616,2023-06-26 8:00:00,2023-06-28 7:30:00,,16.64,72.64,167733333,17825,24.48,14.56,1681.424,6.48,2023-06-24 5:00:00,2023-06-25 7:30:00,5.456,5.464,26.96,49.2,13172,2023-06-25 7:30:00,2023-06-26 7:45:00,165.6,15.2,28.88,88000000
200187024,23054,13.7,1,,13170,2023-06-27 8:15:00,2023-06-29 8:15:00,,17.04,65.28,192800000,14246,24.16,28.88,1683.056,7.76,2023-06-25 5:00:00,2023-06-26 7:45:00,5.496,5.512,28.96,28.72,14618,2023-06-26 7:45:00,2023-06-27 7:50:00,163.2,14.56,26,85600000
200187025,23055,13.7,1,,14615,2023-06-27 8:15:00,2023-06-29 8:15:00,,17.12,81.6,169066666,17825,26.64,23.84,1563.008,8.08,2023-06-25 5:00:00,2023-06-26 7:45:00,5.496,5.512,28.96,28.72,14618,2023-06-26 7:45:00,2023-06-27 7:50:00,163.2,14.56,26,85600000
200182448,23057,13.7,1,,14614,2023-07-03 8:35:00,2023-07-05 9:15:00,84,27.04,73.2,173600000,17825,27.12,21.2,1786.24,5.92,,,,,,,13171,2023-07-02 8:35:00,2023-07-03 8:35:00,168.8,,27.04,112000000
200187026,23056,13.7,1,,13170,2023-07-03 8:35:00,2023-07-05 8:30:00,84,18.72,81.6,205600000,14246,29.36,23.44,1699.68,6.88,2023-07-01 5:00:00,2023-07-02 8:35:00,5.48,5.544,30.32,31.76,13171,2023-07-02 8:35:00,2023-07-03 8:35:00,168.8,,27.04,112000000
200182446,23061,13.7,1,,14616,2023-07-04 7:30:00,2023-07-06 8:30:00,82,17.84,73.36,145600000,17825,25.76,20.96,1967.84,7.28,2023-07-02 5:00:00,2023-07-03 7:30:00,5.512,5.528,30.8,31.52,14618,2023-07-03 7:30:00,2023-07-04 7:30:00,166.4,16.08,27.6,103200000
200187027,23060,13.9,1,,14615,2023-07-04 7:30:00,2023-07-06 8:30:00,82.4,15.04,71.76,140800000,14246,23.84,20.24,1688.24,7.12,2023-07-02 5:00:00,2023-07-03 7:30:00,5.512,5.528,30.8,31.52,14618,2023-07-03 7:30:00,2023-07-04 7:30:00,166.4,16.08,27.6,103200000
200187028,23063,13.7,1,,14615,2023-07-10 7:35:00,2023-07-12 11:35:00,83.2,17.6,68.32,113600000,14246,25.52,15.76,1790.16,5.92,2023-07-08 5:00:00,2023-07-09 7:45:00,5.456,5.496,41.28,30.24,14618,2023-07-09 7:45:00,2023-07-10 7:45:00,166.4,16.16,22.8,101600000
200187029,23064,13.8,1,,13170,2023-07-11 7:50:00,2023-07-13 7:55:00,80.8,16.48,81.6,118400000,14246,27.12,26.56,1821.76,7.44,2023-07-09 5:00:00,2023-07-10 7:20:00,5.408,5.464,29.28,29.8,13171,2023-07-10 7:20:00,2023-07-11 7:20:00,165.12,15.92,24.88,112000000
200187030,23065,13.8,1,,14616,2023-07-11 7:50:00,2023-07-13 9:25:00,81.2,18.88,74.88,150400000,17825,27.68,20.24,1977.52,6.64,2023-07-09 5:00:00,2023-07-10 7:20:00,5.408,5.464,29.28,29.8,13171,2023-07-10 7:20:00,2023-07-11 7:20:00,165.12,15.92,24.88,112000000
200187032,23067,13.8,1,,14615,2023-07-17 7:30:00,2023-07-19 9:45:00,84,18.08,60.72,153600000,14246,23.6,16.88,1793.12,5.84,2023-07-15 5:00:00,2023-07-16 7:30:00,5.52,5.544,25.36,27.76,13171,2023-07-16 7:30:00,2023-07-17 7:35:00,168,16.08,25.52,130400000
200187033,23068,13.8,1,,13170,2023-07-18 8:05:00,2023-07-20 7:55:00,82,16.4,72.96,158400000,14246,24.16,22.56,1743.28,6.96,2023-07-16 5:00:00,2023-07-17 7:35:00,5.584,5.624,26.48,35.28,13172,2023-07-17 7:35:00,2023-07-18 7:35:00,165.6,14.16,21.92,131200000
200188840,23069,13.7,1,,14616,2023-07-18 7:30:00,2023-07-20 8:00:00,82,17.04,63.6,153600000,17825,23.68,18.4,1548.88,5.6,2023-07-16 5:00:00,2023-07-17 7:35:00,5.584,5.624,26.48,35.28,13172,2023-07-17 7:35:00,2023-07-18 7:35:00,165.6,14.16,21.92,131200000
200188841,23070,13.6,1,,14615,2023-07-24 8:40:00,2023-07-26 8:40:00,80,17.52,62.72,91200000,14246,25.68,15.44,1853.28,5.44,2023-07-22 5:00:00,2023-07-23 8:30:00,5.44,5.464,30.96,29.52,13171,2023-07-23 8:30:00,2023-07-24 8:40:00,164,14.24,26.32,86400000
200188842,23071,13.8,1,,13170,2023-07-25 7:00:00,2023-07-27 7:50:00,82,18,77.2,173600000,14246,28.16,26.8,2162.48,7.6,2023-07-23 5:00:00,2023-07-24 7:00:00,5.472,5.48,27.52,26.56,14618,2023-07-24 7:00:00,2023-07-25 7:00:00,167.76,12.72,25.52,76800000
200188843,23072,13.8,1,,14616,2023-07-25 7:00:00,2023-07-27 8:00:00,80.8,16.64,69.04,138400000,17825,24.4,22.72,1832.96,6.08,2023-07-23 5:00:00,2023-07-24 7:00:00,5.472,5.48,27.52,26.56,14618,2023-07-24 7:00:00,2023-07-25 7:00:00,167.76,12.72,25.52,76800000
200188844,23073,13.9,1,,13169,2023-07-31 9:15:00,2023-08-02 10:00:00,82.4,17.76,71.52,160000000,14246,30.16,26.4,1756.56,6.56,2023-07-29 5:00:00,2023-07-30 7:10:00,5.504,5.52,34.24,31.04,13171,2023-07-30 7:10:00,2023-07-31 9:15:00,168,15.36,29.84,111200000
200188846,23075,13.9,1,,14616,2023-07-31 9:15:00,2023-08-02 10:15:00,82.8,17.84,70.64,148800000,17825,30.8,20.56,1985.44,6.48,2023-07-29 5:00:00,2023-07-31 7:15:00,5.464,,42.56,,13171,2023-07-30 7:10:00,2023-07-31 9:15:00,168,15.36,29.84,111200000
200188847,23076,13.8,1,,13170,2023-08-01 7:00:00,2023-08-03 7:25:00,84.16,17.92,77.2,176000000,17825,30.88,26.4,1670.464,8.08,2023-07-30 5:00:00,2023-07-31 7:00:00,5.376,,34.88,,14618,2023-07-31 7:00:00,2023-08-01 7:00:00,84.16,14.16,25.36,92000000
200188848,23077,13.7,1,,13170,2023-09-04 12:00:00,2023-09-06 12:00:00,78.4,26.24,70.96,157600000,14246,30,20.72,2151.536,9.12,2023-09-02 5:00:00,2023-09-03 7:45:00,5.424,5.44,30.96,32.16,13171,2023-09-03 7:45:00,2023-09-04 12:00:00,160.16,18.24,26.56,83200000
200188849,23078,13.7,1,,14614,2023-09-04 8:00:00,2023-09-06 9:30:00,80,18,73.2,147200000,17825,31.76,20.8,1470.528,5.2,2023-09-02 5:00:00,2023-09-03 7:45:00,5.424,5.44,30.96,32.16,13171,2023-09-03 7:45:00,2023-09-04 8:00:00,160.16,18.24,26.56,83200000
200188850,23079,13.8,1,,14615,2023-09-05 8:30:00,2023-09-07 9:00:00,82,18.64,84.8,145600000,14246,31.76,31.68,2045.864,7.12,2023-09-03 5:00:00,2023-09-04 7:45:00,5.312,5.424,50.64,27.68,13172,2023-09-04 7:45:00,2023-09-05 8:00:00,164,14.56,28.16,92800000
200188851,23080,13.7,1,,14616,2023-09-05 8:30:00,2023-09-07 8:30:00,80.8,18.8,83.2,129600000,17825,22.64,22.8,1758.168,7.84,2023-09-03 5:00:00,2023-09-04 7:45:00,5.312,5.424,50.64,27.68,13172,2023-09-04 7:45:00,2023-09-05 8:00:00,164,14.56,28.16,92800000
200191079,23082,13.7,1,,14616,2023-09-13 7:15:00,2023-09-15 13:00:00,82,16.32,67.68,155200000,14246,30.16,21.12,1821.016,6.16,2023-09-10 5:00:00,2023-09-11 8:00:00,5.496,5.504,28.4,28,13171,2023-09-11 8:00:00,2023-09-12 8:00:00,166.4,14.64,24.48,79840000
200191080,23083,13.6,1,,14617,2023-09-12 8:00:00,2023-09-14 8:25:00,82.8,16.96,54.16,70400000,17825,142.4,156.96,1640.608,5.52,2023-09-11 5:00:00,2023-09-12 7:45:00,5.424,5.448,29.2,30.48,13172,2023-09-12 7:45:00,2023-09-13 7:15:00,167.2,14.72,28.4,91200000
200191081,23084,13.8,1,,13169,2023-09-12 8:00:00,2023-09-14 10:00:00,81.6,17.44,83.2,140000000,14246,168.8,151.76,2132.976,7.84,2023-09-11 5:00:00,2023-09-12 7:45:00,5.424,5.448,29.2,30.48,13172,2023-09-12 7:45:00,2023-09-13 7:15:00,167.2,14.72,28.4,91200000
200191078,23081,13.8,1,,14615,2023-09-13 7:15:00,2023-09-15 10:00:00,82.8,18.24,49.36,104000000,17825,28.96,15.36,1262.928,3.44,2023-09-10 5:00:00,2023-09-11 8:00:00,5.496,5.504,28.4,28,13171,2023-09-11 8:00:00,2023-09-12 8:00:00,166.4,14.64,24.48,79840000
200191082,23085,13.9,1,,13170,2023-09-25 8:15:00,2023-09-27 9:45:00,84,16.32,64.8,158400000,14246,28.72,17.68,1662.92,4.48,2023-09-23 5:00:00,2023-09-24 8:15:00,5.208,5.464,28.48,30.32,13171,2023-09-24 8:15:00,2023-09-25 8:15:00,160,15.44,29.44,100000000
200191083,23086,14,1,,14614,2023-09-25 8:15:00,2023-09-27 10:20:00,83.2,16.16,64.24,124000000,17825,30.4,22.24,1533.04,4.16,2023-09-23 5:00:00,2023-09-24 8:15:00,5.208,5.464,28.48,30.32,13171,2023-09-24 8:15:00,2023-09-25 8:15:00,160,15.44,29.44,100000000
200191084,23087,13.8,1,,14617,2023-09-26 9:30:00,2023-09-28 10:30:00,81.2,18.32,70.56,131200000,14246,36.64,44,1096.584,4.64,2023-09-24 5:00:00,2023-09-25 7:30:00,5.456,5.48,31.84,29.68,14618,2023-09-25 7:30:00,2023-09-26 9:30:00,160,15.04,27.44,82480000
200191085,23088,13.7,1,,14616,2023-09-26 9:30:00,2023-09-28 11:15:00,80.8,18.96,77.84,158400000,17825,31.68,21.68,2150.576,6.08,2023-09-24 5:00:00,2023-09-25 7:30:00,5.456,5.48,31.84,29.68,14618,2023-09-25 7:30:00,2023-09-26 9:30:00,160,15.04,27.44,82480000
200191086,23089,13.7,1,,13169,2023-10-02 8:30:00,2023-10-04 8:30:00,82.4,18.32,63.04,145600000,17825,30.4,17.84,1710.408,5.44,2023-09-30 0:30:00,2023-10-01 8:30:00,5.36,5.392,37.12,49.44,14618,2023-10-01 8:30:00,2023-10-02 8:30:00,160,16.8,26.56,86400000
200191087,23090,13.7,1,,14614,2023-10-02 8:30:00,2023-10-04 10:00:00,81.6,17.68,60.08,140800000,12912,26.96,13.2,1264.96,5.36,2023-09-30 0:30:00,2023-10-01 8:30:00,5.36,5.392,37.12,49.44,14618,2023-10-01 8:30:00,2023-10-02 8:30:00,160,16.8,26.56,86400000
200191088,23091,13.8,1,,14615,2023-10-03 8:30:00,2023-10-05 9:30:00,82,14.56,65.12,126400000,14246,24.64,31.92,1491.48,5.52,2023-10-01 0:30:00,2023-10-02 7:30:00,5.472,5.512,32.72,37.76,13172,2023-10-02 7:30:00,2023-10-03 8:30:00,160,15.44,25.6,96000000
200191385,23092,13.8,1,,14616,2023-10-03 8:30:00,2023-10-05 10:45:00,82,18.56,74.4,161600000,17825,26.32,27.12,1439.848,8.24,2023-10-01 0:30:00,2023-10-02 7:30:00,5.472,5.512,32.72,37.76,13172,2023-10-02 7:30:00,2023-10-03 8:30:00,160,15.44,25.6,96000000
200191090,23093,13.7,2,23085,13170,2023-09-27 13:00:00,2023-09-29 13:00:00,80,21.84,71.36,182000000,14246,28.8,20,1792.072,6.4,,,,,,,,,,,,,
200191386,23094,13.7,1,,14614,2023-10-09 13:15:00,2023-10-11 13:00:00,81.2,18.08,42.8,100000000,17825,22.4,10.08,1373.296,4.8,2023-10-07 0:30:00,2023-10-08 8:00:00,5.392,5.408,34.48,36.16,13172,2023-10-08 8:00:00,2023-10-09 13:15:00,160,21.52,23.36,94400000
200191387,23095,13.7,1,,13169,2023-10-09 13:15:00,2023-10-11 13:00:00,81.2,13.36,44.32,119200000,12912,21.52,10.4,988.096,5.36,2023-10-07 0:30:00,2023-10-08 8:00:00,5.392,5.408,34.48,36.16,13172,2023-10-08 8:00:00,2023-10-09 13:15:00,160,21.52,23.36,94400000
200191388,23096,13.3,1,,14617,2023-10-17 9:00:00,2023-10-19 11:30:00,80.8,15.12,64.64,117600000,14246,25.28,18.64,1446.712,5.84,2023-10-15 0:30:00,2023-10-16 7:30:00,5.44,5.472,32.4,31.92,13172,2023-10-16 7:30:00,2023-10-17 9:00:00,160,16.64,28.48,91200000
200191389,23097,13.5,1,,14616,2023-10-17 9:00:00,2023-10-19 9:30:00,81.6,18.72,68.72,119200000,12912,28.08,20.56,1831.848,5.76,2023-10-15 0:30:00,2023-10-16 7:30:00,5.352,,34.08,,14618,2023-10-16 7:30:00,2023-10-17 9:00:00,80,17.28,30.8,89600000
200191390,23098,13.8,1,,14615,2023-10-17 9:00:00,2023-10-19 9:30:00,80.8,16.56,81.04,101600000,17825,30.16,15.36,1470.24,7.44,2023-10-15 0:30:00,2023-10-16 7:30:00,5.44,5.472,32.4,31.92,13172,2023-10-16 7:30:00,2023-10-17 9:00:00,160,16.64,28.48,91200000
200191391,23099,13.8,1,,13169,2023-10-23 10:00:00,2023-10-25 9:00:00,82.4,21.76,73.36,115200000,12912,33.6,22.24,1310.336,5.92,2023-10-21 0:30:00,2023-10-22 9:30:00,5.512,5.52,31.04,29.2,13172,2023-10-22 9:30:00,2023-10-23 10:00:00,160,16.8,30,81600000
200191392,23100,13.7,1,,14614,2023-10-23 10:00:00,2023-10-25 10:00:00,82,22,74.48,144000000,17825,33.44,17.84,1268.128,4.96,2023-10-21 0:30:00,2023-10-22 9:30:00,5.512,5.52,31.04,29.2,13172,2023-10-22 9:30:00,2023-10-23 10:00:00,160,16.8,30,81600000
200191393,23101,13.6,1,,14615,2023-10-24 7:00:00,2023-10-26 8:30:00,80.4,17.84,68.88,188000000,14246,27.84,19.84,1332.296,7.44,2023-10-22 0:30:00,2023-10-23 7:20:00,5.384,5.464,31.84,31.04,14618,2023-10-23 7:20:00,2023-10-24 7:00:00,160,14.96,23.28,82400000
200191394,23102,13.6,1,,14616,2023-10-24 7:00:00,2023-10-26 8:00:00,81.2,19.36,79.36,200000000,17825,30.96,19.52,1236.704,6.16,2023-10-22 0:30:00,2023-10-23 7:20:00,5.384,5.464,31.84,31.04,14618,2023-10-23 7:20:00,2023-10-24 7:00:00,160,14.96,23.28,82400000
200191395,23103,13.6,1,,14616,2023-10-31 10:00:00,2023-11-02 9:45:00,80.4,17.04,76.08,180000000,14246,30.4,27.36,1668.96,6.16,2023-10-29 0:30:00,2023-10-30 9:00:00,5.296,5.36,33.12,32.08,14618,2023-10-30 9:00:00,2023-10-31 10:00:00,160,15.12,23.52,83200000
200191398,23106,13.7,2,23099,13169,2023-10-25 12:30:00,2023-10-27 9:30:00,,20.8,70.24,184000000,14246,27.68,26.32,1351.592,6.72,,,,,,,,,,,,,
200191399,23107,13.7,2,23100,14614,2023-10-25 13:30:00,2023-10-27 11:30:00,,23.2,71.28,163200000,17825,30.88,23.92,1965.896,7.76,,,,,,,,,,,,,
200191396,23105,13.7,1,,14614,2023-10-31 10:00:00,2023-11-02 10:00:00,82.4,14.88,84,156800000,17825,30.48,27.84,1855.352,8.64,2023-10-29 0:30:00,2023-10-30 9:00:00,5.296,5.36,33.12,32.08,14618,2023-10-30 9:00:00,2023-10-31 10:00:00,160,15.12,23.52,83200000
200191397,23104,13.5,1,,14615,2023-10-31 9:15:00,2023-11-02 9:45:00,80,16.4,81.6,180800000,12912,28.72,23.68,2112.984,6.96,2023-10-29 0:30:00,2023-10-30 9:45:00,5.336,5.376,36.08,32.16,13172,2023-10-30 9:45:00,2023-10-31 9:15:00,80,16.16,27.76,90400000
200191400,23108,13.6,1,,13170,2023-11-06 9:00:00,2023-11-08 9:20:00,83.2,19.44,75.6,196000000,12912,32,20.8,1784.736,5.28,2023-11-04 0:30:00,2023-11-05 9:45:00,5.4,5.416,34.4,35.6,14618,2023-11-05 9:45:00,2023-11-06 9:00:00,160,16.64,28.88,99200000
200195712,23109,13.6,1,,14616,2023-11-06 9:00:00,2023-11-08 8:20:00,83.2,18.48,78.48,202400000,14246,34.48,27.6,969.888,3.76,2023-11-04 0:30:00,2023-11-05 9:45:00,5.4,5.416,34.4,35.6,14618,2023-11-05 9:45:00,2023-11-06 9:00:00,160,16.64,28.88,99200000
200195713,23110,13.7,1,,14614,2023-11-07 11:30:00,2023-11-09 10:00:00,81.6,17.68,80.08,195200000,17825,31.2,22.56,1957.144,6.72,2023-11-05 0:30:00,2023-11-06 12:00:00,5.352,5.424,32.4,36,13171,2023-11-06 12:03:00,2023-11-07 11:30:00,160,16.16,25.76,84000000
200195717,23111,13.7,1,,14615,2023-11-07 11:30:00,2023-11-09 9:30:00,81.6,17.6,74.24,195200000,12912,28.56,24.48,1924,6.56,2023-11-05 0:30:00,2023-11-06 12:00:00,5.352,5.424,32.4,36,13171,2023-11-06 12:03:00,2023-11-07 11:30:00,160,16.16,25.76,84000000
200195718,23112,13.7,1,,14615,2023-11-13 8:50:00,2023-11-15 8:25:00,81.6,18,75.76,180000000,17825,28.56,16.4,1707.616,5.28,2023-11-11 0:30:00,2023-11-12 9:10:00,5.464,5.464,32.56,30.88,14618,2023-11-12 9:10:00,2023-11-13 8:50:00,160,16.48,27.6,97600000
200195909,23113,13.5,1,,14616,2023-11-13 8:50:00,2023-11-15 9:20:00,81.6,17.6,78.4,192000000,12912,28.72,19.12,1704.256,6.4,2023-11-11 0:30:00,2023-11-12 9:10:00,5.464,5.464,32.56,30.88,14618,2023-11-12 9:10:00,2023-11-13 8:50:00,160,16.48,27.6,97600000
200195910,23114,13.6,1,,14614,2023-11-14 7:00:00,2023-11-16 7:55:00,81.6,15.28,78.56,127200000,12912,32.4,28.64,1325.28,4.88,2023-11-12 0:30:00,2023-11-13 7:25:00,5.368,5.448,29.2,26.64,13172,2023-11-13 7:25:00,2023-11-14 7:00:00,160,14.88,26.24,104000000
200196317,23115,13.9,2,23108,13170,2023-11-08 13:00:00,2023-11-10 10:00:00,80,20.56,80,167200000,12912,29.6,29.52,1655.4,8,,,,,,,,,,,,,
200196318,23116,13.8,2,23109,14616,2023-11-08 12:00:00,2023-11-10 9:00:00,80,20.16,76.64,185600000,17825,24.08,24.24,1673.5208,7.8288,,,,,,,,,,,,,
200196400,23117,13.6,1,,13169,2023-11-14 7:00:00,2023-11-16 7:50:00,82,17.12,90.4,184800000,14246,26,49.04,1935.336,8.72,2023-11-12 0:30:00,2023-11-13 7:25:00,5.368,5.448,29.2,26.64,13172,2023-11-13 7:25:00,2023-11-14 7:00:00,160,14.88,26.24,104000000
10005233,23121,13.6,1,,14615,2023-11-21 7:40:00,2023-11-23 8:15:00,80,12.56,83.2,224000000,14246,27.44,44.4,1672.96,7.52,2023-11-19 0:30:00,2023-11-20 7:50:00,5.232,5.408,28.72,25.76,14618,2023-11-20 7:50:00,2023-11-21 7:30:00,80,11.2,24.4,143200000
200196401,23118,13.7,1,,13169,2023-11-20 8:20:00,2023-11-22 8:40:00,83.2,16.64,75.2,240000000,14246,29.84,54.8,1198.16,4.8,2023-11-18 0:30:00,2023-11-19 7:30:00,5.352,5.368,39.92,37.68,13171,2023-11-19 7:30:00,2023-11-20 8:20:00,160,16.88,26.56,104000000
200196440,23119,13.6,1,,13170,2023-11-20 8:20:00,2023-11-22 8:00:00,82.4,19.52,73.52,184000000,12912,31.44,16.88,2059.84,5.28,2023-11-18 0:30:00,2023-11-19 7:30:00,5.352,5.368,39.92,37.68,13171,2023-11-19 7:30:00,2023-11-20 8:20:00,160,16.88,26.56,104000000
200196441,23120,13.7,1,,14614,2023-11-21 7:40:00,2023-11-23 8:20:00,80,19.36,85.6,168000000,17825,32.08,21.36,2338.56,5.44,2023-11-19 0:30:00,2023-11-20 7:45:00,5.32,5.384,32.16,31.44,13172,2023-11-20 7:45:00,2023-11-21 7:30:00,80,16.24,26.8,104800000
200196587,23122,13.6,2,23112,14615,2023-11-15 12:15:00,2023-11-17 9:25:00,80,19.44,82.4,199200000,17825,29.44,24.08,1978.16,8.48,,,,,,,,,,,,,
200196590,23123,13.8,2,23113,14616,2023-11-15 12:55:00,2023-11-17 9:15:00,80,17.44,81.6,195200000,12912,26.16,22.96,2117.76,8.4,,,,,,,,,,,,,
10005235,23126,13.6,1,,13170,2023-11-28 7:00:00,2023-11-30 7:50:00,80.8,15.28,79.12,188800000,17825,32.4,34.48,2395.36,7.6,2023-11-26 0:30:00,2023-11-27 7:15:00,5.384,5.432,27.04,29.2,14618,2023-11-27 7:15:00,2023-11-28 7:00:00,80.8,14,28.48,134400000
10005236,23127,13.6,1,,14614,2023-11-28 7:00:00,2023-11-30 7:55:00,80.4,14.48,78,198400000,12912,28.56,29.6,2155.76,7.04,2023-11-26 0:30:00,2023-11-27 7:15:00,5.384,5.432,27.04,29.2,14618,2023-11-27 7:15:00,2023-11-28 7:00:00,80.4,14,28.48,134400000
200196793,23124,13.7,1,,14615,2023-11-27 7:30:00,2023-11-29 8:41:00,83.2,17.6,73.28,218400000,14246,28.64,29.28,1517.92,4.48,2023-11-25 0:30:00,2023-11-26 7:35:00,5.36,5.368,32.16,30,13171,2023-11-26 7:35:00,2023-11-27 7:30:00,83.2,15.92,25.52,88800000
200196794,23125,13.5,1,,14616,2023-11-27 7:30:00,2023-11-29 8:45:00,84,19.52,73.6,178400000,17825,32.08,20.32,1688.08,4.8,2023-11-25 0:30:00,2023-11-26 7:35:00,5.36,5.368,32.16,30,13171,2023-11-26 7:35:00,2023-11-27 7:30:00,84,15.92,25.52,88800000
200196872,23130,13.6,2,23118,13169,2023-11-22 13:00:00,2023-11-24 8:45:00,80,30.32,74.08,214400000,14246,31.28,38.4,1116.64,5.2,,,,,,,,,,,,,
200196875,23129,13.7,2,23119,13170,2023-11-22 11:45:00,2023-11-24 8:30:00,80,30.32,75.36,232000000,12912,30.4,20.88,1902.96,6.24,,,,,,,,,,,,,
200196873,23134,13.4,2,23124,14615,2023-11-29 12:35:00,2023-12-01 9:45:00,80,19.04,78.08,174400000,14246,28.08,37.84,1517.92,5.76,,,,,,,,,,,,,
200196877,23131,13.6,1,,13169,2023-12-04 7:00:00,2023-12-06 7:40:00,83.2,18.16,73.52,203200000,17825,40.9,19.52,1778.24,6.88,2023-12-02 0:30:00,2023-12-03 6:55:00,5.376,5.424,35.12,35.52,13171,2023-12-03 6:55:00,2023-12-04 7:00:00,84,15.44,22.32,144800000
200197370,23135,13.8,2,23125,14616,2023-11-29 12:55:00,2023-12-01 10:00:00,80,19.92,77.84,164000000,17825,32.16,11.44,1937.68,6.72,,,,,,,,,,,,,
200196876,23132,13.6,1,,13170,2023-12-04 7:00:00,2023-12-06 7:40:00,88,17.84,82.4,207200000,12912,31.6,21.36,2107.68,5.76,2023-12-02 0:30:00,2023-12-03 7:00:00,5.44,5.488,34.08,32.48,14618,2023-12-03 7:00:00,2023-12-04 7:00:00,176,15.6,24.96,101600000
200196878,23133,13.7,1,,14614,2023-12-04 7:00:00,2023-12-06 7:45:00,85.2,15.76,79.84,209600000,14246,27.44,36.48,1899.6,6.96,2023-12-02 0:30:00,2023-12-03 7:00:00,5.44,5.488,34.08,32.48,14618,2023-12-03 7:00:00,2023-12-04 7:00:00,176,15.6,24.96,101600000
200196879,23136,13.76,1,,13170,2023-12-18 8:40:00,2023-12-20 8:30:00,83.2,16.48,71.2,172800000,12912,27.36,17.76,1460.4,4.96,2023-12-16 0:30:00,2023-12-17 7:45:00,5.52,5.52,40.8,35.68,13171,2023-12-17 7:45:00,2023-12-18 8:40:00,166.4,15.68,32.64,122400000
200196880,23137,13.75,1,,14614,2023-12-18 13:55:00,2023-12-20 10:15:00,81.6,16.16,56.96,280000000,14246,26.88,20.16,526.4,4.24,2023-12-16 0:30:00,2023-12-17 7:45:00,5.52,5.52,40.8,35.68,13171,2023-12-17 7:45:00,2023-12-18 13:55:00,166.4,15.68,26.56,167200000
200196881,23138,13.77,1,,14615,2023-12-19 6:50:00,2023-12-21 10:20:00,80,16.16,69.04,185600000,12912,26,19.2,1468.88,4.88,2023-12-16 0:30:00,2023-12-18 7:55:00,5.416,5.448,32.24,30,13172,2023-12-18 7:55:00,2023-12-19 6:50:00,160,12.88,18.08,252000000
200196882,23139,13.72,1,,14616,2023-12-19 13:15:00,2023-12-21 9:30:00,80,15.92,74.08,163200000,17825,26.72,20,1468.88,6.16,2023-12-16 0:30:00,2023-12-18 7:55:00,5.416,5.448,32.24,30,13172,2023-12-18 7:55:00,2023-12-19 13:15:00,160,12.88,21.84,56800000
200196887,24003,12.48,1,,14614,2024-01-17 9:05:00,2024-01-19 8:40:00,82.4,15.52,74.4,185600000,17825,33.2,28.32,1275.8,4.16,2024-01-15 0:30:00,2024-01-16 9:00:00,5.52,5.52,25.28,26,14618,2024-01-16 9:00:00,2024-01-17 9:05:00,168,13.68,19.36,88800000
200196890,24004,13.69,1,,14615,2024-01-16 11:30:00,2024-01-18 9:15:00,84,18.32,70.16,168800000,14246,28.72,19.52,1385.6,4.24,2024-01-14 0:30:00,2024-01-15 7:30:00,5.44,5.52,31.2,27.36,13172,2024-01-15 7:30:00,2024-01-16 11:30:00,168,14.48,24.48,79120000
200196891,24005,13.55,1,,14616,2024-01-20 8:15:00,2024-01-22 8:00:00,82.4,16.64,84,200000000,17825,29.52,22.88,1419.68,4.88,2024-01-18 0:30:00,2024-01-19 7:15:00,5.36,5.44,28.96,26.48,14618,2024-01-19 7:15:00,2024-01-20 8:15:00,82.64,15.28,30.48,79760000
200196893,24007,13.68,1,,14617,2024-01-20 8:25:00,2024-01-22 8:00:00,80,16.08,85.6,164800000,12912,28.8,23.36,1640.4,6.16,2024-01-18 0:30:00,2024-01-19 7:30:00,5.36,5.36,33.84,34.4,13171,2024-01-19 7:30:00,2024-01-20 8:25:00,167.12,14.4,32.88,79440000
200196894,24008,13.75,1,,14615,2024-01-20 8:25:00,2024-01-22 8:00:00,82.4,17.12,84,172800000,14246,29.44,20.8,1575.44,5.44,2024-01-18 0:30:00,2024-01-19 7:30:00,5.36,5.36,33.84,34.4,13171,2024-01-19 7:30:00,2024-01-20 8:25:00,167.12,14.4,32.88,79440000
200196898,24010,13.66,1,,13169,2024-01-27 7:10:00,2024-01-29 8:30:00,80,19.52,84,148800000,17825,33.44,27.52,1297.04,8,2024-01-25 0:30:00,2024-01-26 7:00:00,5.448,5.504,35.04,24.16,13171,2024-01-26 7:00:00,2024-01-27 7:10:00,160,15.52,30.64,95200000
200196905,24009,13.77,1,,14614,2024-01-23 6:45:00,2024-01-25 8:30:00,80,15.12,74.16,170400000,14246,26.96,20,1479.52,7.52,2024-01-21 0:30:00,2024-01-22 7:30:00,5.48,5.552,25.68,27.04,13172,2024-01-22 7:30:00,2024-01-23 6:45:00,160,14.4,23.68,91200000
200196906,24011,13.82,1,,13189,2024-01-22 8:00:00,2024-01-24 8:20:00,80,18.32,72.48,160800000,12912,26.56,,1571.28,6.64,,,,,,,,,,,,,
200196888,24012,13.69,1,,13170,2024-01-23 6:45:00,2024-01-25 8:15:00,80,17.52,87.2,180800000,12912,31.76,25.12,1807.52,7.6,2024-01-21 0:30:00,2024-01-22 7:30:00,5.48,5.552,25.68,27.04,13172,2024-01-22 7:30:00,2024-01-23 6:45:00,160,14.4,23.68,91200000
200196899,24014,13.55,1,,14615,2024-02-10 7:20:00,2024-02-12 10:15:00,83.6,14.56,70,153600000,12912,26.56,17.76,1590.72,5.04,2024-02-08 0:30:00,2024-02-09 7:35:00,5.456,5.488,34.48,34.88,13171,2024-02-09 7:35:00,2024-02-10 7:25:00,160,12.16,17.68,37040000
200196907,24015,13.54,3,,14616,2024-02-07 10:30:00,2024-02-09 9:10:00,80,20.8,73.76,164000000,12912,32.4,20.8,1621.36,4.48,,,,,,,,,,,,,
200196895,24016,13.72,2,,14616,2024-01-22 11:20:00,2024-01-24 9:00:00,80,21.44,89.6,157600000,17825,34,,1671.84,8.16,,,,,,,,,,,,,
200196896,24017,13.86,2,,14617,2024-01-22 11:00:00,2024-01-24 8:15:00,80,19.84,83.2,160000000,14246,28.56,24.32,1806.96,8,,,,,,,,,,,,,
200196889,24020,13.63,1,,13170,2024-01-27 7:10:00,2024-01-29 8:15:00,80,18,84.8,139200000,12912,29.52,20.16,2004,7.92,2024-01-25 0:30:00,2024-01-26 7:00:00,5.448,5.504,35.04,24.16,13171,2024-01-26 7:00:00,2024-01-27 7:10:00,160,15.52,30.64,95200000
200196902,24019,13.74,1,,14617,2024-02-03 7:00:00,2024-02-05 8:15:00,80,16.64,75.04,182400000,17825,30.08,18.72,1574.72,5.68,2024-02-01 0:30:00,2024-02-02 7:20:00,5.36,5.52,37.04,35.2,13171,2024-02-02 7:20:00,2024-02-03 7:00:00,80,14.32,26.48,127000000
200196908,24021,13.54,1,,13169,2024-02-03 7:00:00,2024-02-05 9:15:00,80,15.6,71.6,164000000,12912,27.84,15.92,1493.76,6.56,2024-02-01 0:30:00,2024-02-02 7:10:00,5.28,5.44,37.68,26.72,14618,2024-02-02 7:10:00,2024-02-03 8:30:00,80,15.52,26.48,101600000
200196903,24022,13.8,2,24010,13169,2024-01-29 12:30:00,2024-01-31 8:30:00,80,18.8,84,156000000,17825,30.72,23.68,1816.16,9.2,,,,,,,,,,,,,
200196904,24023,13.77,2,24020,13170,2024-01-29 11:15:00,2024-01-31 8:00:00,80,18.32,84,159200000,12912,27.84,24.88,1816.2,8.96,,,,,,,,,,,,,
200196897,24025,13.75,2,24021,13169,2024-02-05 12:25:00,2024-02-07 10:00:00,80,20.24,80.8,150400000,12912,30.32,20.08,1750.48,7.04,,,,,,,,,,,,,
200199658,24027,13.6,1,,13170,2024-02-10 7:20:00,2024-02-12 10:55:00,83.6,18.72,72.88,156800000,14246,31.2,16.24,1663.2,5.12,2024-02-08 0:30:00,2024-02-09 7:35:00,5.456,5.488,34.48,34.88,13171,2024-02-09 7:35:00,2024-02-10 7:25:00,160,12.16,17.68,37040000
200199659,24028,13.31,2,24027,13170,2024-02-12 14:45:00,2024-02-14 11:45:00,80,19.68,80.8,164000000,14246,29.68,26.72,1935.28,8.08,,,,,,,,,,,,,
200200223,24031,13.7,1,,13169,2024-02-17 8:00:00,2024-02-19 7:45:00,80,14.8,87.2,195200000,14246,29.84,26.08,1812.48,6.88,2024-02-15 0:30:00,2024-02-16 7:30:00,5.488,5.768,32.96,24.48,13171,2024-02-16 7:30:00,2024-02-17 8:00:00,82.4,15.04,28.96,66640000
200200226,24035,13.7,1,,14614,2024-03-02 7:30:00,2024-03-04 9:00:00,80,16.72,61.44,146400000,12912,28.24,13.68,970.8,3.04,2024-02-29 0:30:00,2024-03-01 7:00:00,5.44,5.448,26.88,31.12,13171,2024-03-01 7:00:00,2024-03-02 7:30:00,168.4,14.08,20.88,88000000
200200227,24036,13.74,1,,14617,2024-03-02 7:30:00,2024-03-04 9:00:00,80,14.4,61.2,148800000,14246,24.88,13.52,1194.48,4.08,2024-02-29 0:30:00,2024-03-01 7:00:00,5.44,5.448,26.88,31.12,13171,2024-03-01 7:00:00,2024-03-02 7:30:00,168.4,14.08,20.88,88000000
200200228,24037,13.76,2,24031,13169,2024-02-19 11:20:00,2024-02-21 7:00:00,80,17.92,90.4,183200000,14246,28.16,24,1584.16,6.88,,,,,,,,,,,,,
10005271,24038,13.89,3,24037,13169,2024-02-21 10:55:00,2024-02-23 7:15:00,80,19.6,85.6,212000000,14246,29.6,28.96,1324.56,6.24,,,,,,,,,,,,,
200200231,24040,13.59,2,24036,14617,2024-03-04 13:00:00,2024-03-06 12:00:00,80,44.4,74.24,95200000,14246,27.84,19.36,1218.32,5.28,,,,,,,,,,,,,
200200372,24041,13.81,1,,13169,2024-03-09 8:10:00,2024-03-11 9:20:00,80,18.64,77.6,144800000,12912,30.96,20.72,1101.04,4.72,2024-03-07 0:30:00,2024-03-08 7:20:00,5.456,5.496,27.6,26.96,13171,2024-03-08 7:20:00,2024-03-09 8:10:00,163.2,13.28,24.64,134400000
200200373,24042,13.78,1,,14615,2024-03-09 8:10:00,2024-03-11 9:10:00,80,19.04,68.4,157600000,14246,30.08,14.48,1151.44,4.32,2024-03-07 0:30:00,2024-03-08 7:20:00,5.456,5.496,27.6,26.96,13171,2024-03-08 7:20:00,2024-03-09 8:10:00,163.2,13.28,24.64,134400000
200200374,24045,13.71,1,,14616,2024-03-12 7:25:00,2024-03-14 9:15:00,80,17.52,72.48,139200000,12912,27.84,17.76,1573.52,5.76,2024-03-10 0:30:00,2024-03-11 7:15:00,5.512,5.552,26.08,28.24,13172,2024-03-11 7:15:00,2024-03-12 7:25:00,165.6,13.84,23.2,109600000
200200387,24046,13.71,2,24041,13169,2024-03-11 13:10:00,2024-03-13 10:50:00,80,19.92,88,156800000,12912,32.72,28.32,1783.84,7.84,,,,,,,,,,,,,
200200233,24044,13.75,1,,13170,2024-03-16 9:20:00,2024-03-18 8:01:00,83.6,19.28,77.52,160800000,14246,30.72,20.68,1528.72,5.44,2024-03-14 0:30:00,2024-03-15 7:15:00,5.408,5.424,27.92,24.4,13171,2024-03-15 7:20:00,2024-03-16 9:00:00,167.2,14.8,25.28,104800000
200200380,24049,13.57,1,,14617,2024-03-16 9:22:00,2024-03-18 8:23:00,83.6,18.88,72.64,164800000,12912,30.56,17,1342.8,4.88,2024-03-14 0:30:00,2024-03-15 7:15:00,5.408,5.424,27.92,24.4,13171,2024-03-15 7:20:00,2024-03-16 9:00:00,167.2,14.8,25.28,104800000
200200381,24050,13.63,1,,14614,2024-03-23 8:57:00,2024-03-25 8:28:00,84.16,17.76,67.6,152000000,6379,29.44,26.64,1422.8,3.68,2024-03-21 0:30:00,2024-03-22 7:00:00,5.376,5.488,35.12,27.84,14618,2024-03-22 7:24:00,2024-03-23 8:28:00,168.32,14.72,25.92,102400000
200200378,24047,13.72,2,24044,13170,2024-03-18 13:00:00,2024-03-20 7:00:00,80,18.24,86.4,223200000,14246,28.16,26.76,1794.32,6.64,,,,,,,,,,,,,
200200385,24051,13.83,1,,13169,2024-03-23 8:57:00,2024-03-25 8:33:00,84.16,17.76,80.8,160800000,12912,33.44,19.32,1486.56,5.52,2024-03-21 0:30:00,2024-03-22 7:00:00,5.376,5.488,35.12,27.84,14618,2024-03-22 7:24:00,2024-03-23 8:28:00,168.32,14.72,25.92,102400000
200200386,24053,13.75,2,24051,13169,2024-03-25 12:27:00,2024-03-27 8:27:00,87.2,16.72,79.36,148000000,12912,26.56,19.16,1784.08,7.2,,,,,,,,,,,,,
200200388,24052,13.78,2,24050,14614,2024-03-25 13:28:00,2024-03-27 8:51:00,86.4,17.28,69.04,148000000,14246,23.68,18.2,1857.28,6,,,,,,,,,,,,,
200200376,24054,13.46,1,,14616,2024-04-16 8:12:00,2024-04-18 7:28:00,81.6,15.44,85.6,184800000,14246,27.84,23.96,,,2024-04-14 0:30:00,2024-04-15 7:17:00,5.376,5.376,25.68,29.52,14618,2024-04-15 7:17:00,2024-04-16 7:48:00,168,13.28,24.16,121600000
200200377,24055,13.69,1,,14614,2024-04-13 8:18:00,2024-04-15 8:30:00,,14.32,73.68,175200000,12912,30.96,23.16,,,2024-04-11 0:30:00,2024-04-12 7:14:00,5.368,5.416,26.16,25.52,13172,2024-04-12 7:14:00,2024-04-13 8:05:00,168.048,13.52,25.6,159200000
200200382,24056,13.85,1,,14615,2024-04-13 8:18:00,2024-04-15 8:15:00,,14.56,82.4,168000000,14246,29.52,28.88,,,2024-04-11 0:30:00,2024-04-12 7:14:00,5.368,5.416,26.16,25.52,13172,2024-04-12 7:14:00,2024-04-13 8:05:00,168.048,13.52,25.6,159200000
200202545,24057,13.53,1,,13170,2024-04-16 8:12:00,2024-04-18 7:41:00,82.4,17.76,78.96,180800000,12912,31.04,25.32,,,2024-04-14 0:30:00,2024-04-15 7:17:00,5.376,5.376,25.68,29.52,14618,2024-04-15 7:17:00,2024-04-16 7:48:00,168,13.28,24.16,121600000
200200371,24059,13.67,2,24056,14615,2024-04-15 12:27:00,2024-04-17 8:22:00,87.2,18.08,78.4,166400000,14246,26.88,23.64,,,,,,,,,,,,,,,
200200384,24058,13.57,2,24055,14614,2024-04-15 12:28:00,2024-04-17 8:14:00,87.2,18,82.4,144800000,12912,26.08,20.36,,,,,,,,,,,,,,,
200200375,24062,13.4,3,24058,14614,2024-04-17 12:05:00,2024-04-19 8:05:00,87.2,18.88,80,164800000,12912,27.52,24.64,,,,,,,,,,,,,,,
200202547,24060,13.48,1,,13169,2024-04-20 9:19:00,2024-04-22 9:12:00,82.4,25.92,76.32,161600000,14246,32.56,17.92,,,2024-04-18 0:30:00,2024-04-19 7:46:00,5.344,5.384,26,25.44,13171,2024-04-19 7:46:00,2024-04-20 8:35:00,168,14.88,26.56,125600000
200202548,24061,13.49,1,,14617,2024-04-20 9:24:00,2024-04-22 9:12:00,81.6,28.56,68.96,148800000,12912,27.76,14.72,,,2024-04-18 0:30:00,2024-04-19 7:46:00,5.344,5.384,26,25.44,13171,2024-04-19 7:46:00,2024-04-20 8:35:00,168,14.88,26.56,125600000
200200383,24063,13.67,1,,13170,2024-04-23 10:35:00,2024-04-25 11:14:00,,15.52,68.72,180800000,12912,25.92,18.28,,,2024-04-21 0:30:00,2024-04-22 7:19:00,5.36,5.376,25.84,27.84,13172,2024-04-22 7:19:00,2024-04-23 10:05:00,164.88,14.16,20.8,72640000
200202551,24064,13.36,1,,14616,2024-04-23 10:30:00,2024-04-25 11:10:00,,18.56,63.76,174400000,14246,29.36,12.48,,,2024-04-21 0:30:00,2024-04-22 7:19:00,5.36,5.376,25.84,27.84,13172,2024-04-22 7:19:00,2024-04-23 10:05:00,164.88,14.16,20.8,72640000
200202549,24065,13.54,2,24060,13169,2024-04-22 13:09:00,2024-04-24 9:25:00,80,18.48,77.6,209600000,14246,29.28,25.16,,,,,,,,,,,,,,,
200202550,24066,13.56,2,24061,14617,2024-04-22 13:12:00,2024-04-24 9:22:00,80,19.6,77.44,118400000,12912,27.44,21.44,,,,,,,,,,,,,,,
200200221,24068,13.46,3,24065,13169,2024-04-24 13:34:00,2024-04-26 7:11:00,80,21.2,80,173600000,14246,30,22.24,,,,,,,,,,,,,,,
200202552,24069,13.48,3,24066,14617,2024-04-24 13:34:00,2024-04-26 11:13:00,80,19.92,64.4,160000000,12912,31.76,25.36,,,,,,,,,,,,,,,
200202553,24067,13.61,1,,14615,2024-04-27 10:01:00,2024-04-29 8:57:00,82.96,16.96,76.88,177600000,17825,32.16,18.2,,,2024-04-25 0:30:00,2024-04-26 7:17:00,5.52,5.56,22.4,22.48,13171,2024-04-26 7:17:00,2024-04-27 10:22:00,168.16,16.96,26.4,120000000
200202554,24070,13.59,1,,13170,2024-04-27 10:01:00,2024-04-29 9:05:00,82.96,16.4,81.6,168000000,14246,30,22.52,,,2024-04-25 0:30:00,2024-04-26 7:17:00,5.52,5.56,22.4,22.48,13171,2024-04-26 7:17:00,2024-04-27 10:22:00,168.16,16.96,26.4,120000000
200202555,24071,13.57,1,,13170,2024-04-27 10:01:00,2024-04-29 9:05:00,82.96,16.4,81.6,168000000,14246,30,22.52,,,2024-04-28 0:30:00,2024-04-29 7:45:00,5.488,6.28,24.88,27.36,14618,2024-04-29 7:45:00,2024-04-30 9:30:00,80.4,17.84,27.36,84000000
200202557,24072,13.72,1,,14617,2024-04-30 9:59:00,2024-05-02 7:36:00,80.4,16.16,84.8,195200000,12912,30.48,22.36,,,2024-05-12 0:30:00,2024-05-13 8:16:00,5.424,5.424,25.36,30.96,13172,2024-05-13 8:16:00,2024-05-14 8:33:00,84,13.04,24.32,144800000
200202558,24073,13.72,1,,13170,2024-05-14 8:47:00,2024-05-16 7:19:00,83.2,18.48,78.4,191200000,14246,31.92,19.28,,,2024-05-12 0:30:00,2024-05-13 7:54:00,5.384,5.44,26.96,25.12,13171,2024-05-13 7:54:00,2024-05-14 8:31:00,167.6,13.84,24.32,142400000
200200230,24074,13.38,1,,14615,2024-05-14 8:48:00,2024-05-16 8:08:00,83.6,18.72,71.36,197600000,17825,34.4,22.28,,,2024-05-16 0:30:00,2024-05-17 7:15:00,5.384,5.408,24.32,27.72,14618,2024-05-17 7:15:00,2024-05-18 8:08:00,168.032,14.08,23.68,129600000
200203877,24075,13.64,1,,14614,2024-05-18 8:34:00,2024-05-20 8:21:00,82.4,15.76,76.16,163200000,14246,26.56,19.44,,,2024-05-12 0:30:00,2024-05-13 7:54:00,5.424,5.424,25.12,26.96,13171,2024-05-13 7:54:00,2024-05-14 8:31:00,167.6,13.84,24.32,142400000
200205527,24077,13.72,1,,14617,2024-05-18 8:35:00,2024-05-20 8:20:00,82,16.24,81.6,204800000,12912,29.6,24.56,,,2024-05-19 0:30:00,2024-05-20 7:14:00,5.384,5.4,27.76,28.6,13172,2024-05-20 7:14:00,2024-05-21 7:01:00,166.88,16.24,26.48,122400000
200205681,24078,13.49,1,,13169,2024-05-21 7:42:00,2024-05-23 7:55:00,82,18,85.6,172800000,17825,33.92,26.2,,,2024-05-19 0:30:00,2024-05-20 7:14:00,5.384,5.4,27.76,28.6,13172,2024-05-20 7:14:00,2024-05-21 7:01:00,166.88,16.24,26.48,122400000
200205528,24080,13.59,2,24074,14614,2024-05-20 12:16:00,2024-05-22 9:19:00,,18.72,88.8,124000000,14246,28.72,24.16,,,,,,,,,,,,,,,
200205682,24079,13.6,1,,14615,2024-05-21 7:44:00,2024-05-23 7:55:00,81.2,17.68,75.12,173600000,14246,29.36,20.88,,,,,,,,,,,,,,,
200205533,24081,13.72,2,24076,14617,2024-05-20 12:04:00,2024-05-22 9:16:00,,19.44,80,90400000,17825,29.44,21.24,,,2024-05-26 0:30:00,2024-05-27 8:05:00,5.44,5.496,29.68,28.96,13172,2024-05-27 8:05:00,2024-05-28 7:54:00,161.2,16.24,25.52,122400000
200205529,24082,13.78,1,,13170,2024-05-28 7:54:00,2024-05-30 7:06:00,80.4,18.88,79.84,166400000,14246,29.84,18.2,,,,,,,,,,,,,,,
200205530,24083,13.75,3,24080,14617,2024-05-22 13:10:00,2024-05-24 10:02:00,,18.48,85.6,169600000,14246,27.2,23.52,,,2024-05-23 0:30:00,2024-05-24 7:26:00,5.384,5.4,25.84,29.96,13171,2024-05-24 7:26:00,2024-05-25 8:55:00,166.24,14.08,26.32,124800000
200203878,24084,13.83,1,,14614,2024-05-25 8:55:00,2024-05-27 8:35:00,85.2,18.32,74.48,180000000,17825,30.24,17.2,,,2024-05-23 0:30:00,2024-05-24 7:26:00,5.384,5.4,25.84,29.96,13171,2024-05-24 7:26:00,2024-05-25 8:55:00,166.24,14.08,26.32,124800000
200205531,24085,13.77,1,,14615,2024-05-25 8:55:00,2024-05-27 9:19:00,81.6,17.92,74.96,163200000,14246,27.92,16.92,,,2024-05-26 0:30:00,2024-05-27 8:05:00,5.44,5.496,29.68,28.96,13172,2024-05-27 8:05:00,2024-05-28 7:54:00,161.2,16.24,25.52,122400000
200205532,24086,13.67,1,,13169,2024-05-28 7:54:00,2024-05-30 8:10:00,80,16.32,81.6,173600000,17825,30.8,23.8,,,,,,,,,,,,,,,
200205683,24087,13.76,2,24083,14614,2024-05-27 13:58:00,2024-05-29 9:10:00,,20.4,74.4,149600000,12912,27.6,18.84,,,,,,,,,,,,,,,
200205535,24088,13.67,2,24084,14615,2024-05-27 13:21:00,2024-05-29 9:13:00,,16.72,74.16,171200000,14246,25.2,18.64,,,2024-05-30 0:30:00,2024-05-31 7:46:00,5.472,5.48,30.56,29.68,13171,2024-05-31 7:46:00,2024-06-01 7:56:00,166.8,16,25.52,129600000
200205536,24089,13.67,1,,14616,2024-06-01 7:56:00,2024-06-03 8:53:00,83.2,18.32,64.8,158400000,12912,26.88,13.24,,,2024-05-30 0:30:00,2024-05-31 7:46:00,5.472,5.48,30.56,29.68,13171,2024-05-31 7:46:00,2024-06-01 7:56:00,166.8,16,25.52,129600000
200205534,24090,13.73,1,,14617,2024-06-01 7:56:00,2024-06-03 8:43:00,82.4,18,71.44,148000000,14246,27.68,15,,,,,,,,,,,,,,,
200205524,24091,13.71,3,24086,14614,2024-05-29 12:47:00,2024-05-31 9:39:00,,19.76,73.52,144800000,12912,26.08,19.56,,,2024-06-02 0:30:00,2024-06-03 7:03:00,5.392,5.424,33.44,32.16,13172,2024-06-03 7:03:00,2024-06-04 7:03:00,166.8,17.2,25.6,104000000
200205525,24092,13.56,1,,13169,2024-06-04 7:03:00,2024-06-06 7:50:00,82.4,14,85.6,195200000,12912,30.48,27.76,,,2024-06-02 0:30:00,2024-06-03 7:03:00,5.392,5.424,33.44,32.16,13172,2024-06-03 7:03:00,2024-06-04 7:03:00,166.8,17.2,25.6,104000000
200200229,24093,13.71,1,,13170,2024-06-04 7:03:00,2024-06-06 8:06:00,82,16.72,101.6,223200000,17825,38.8,39.04,,,,,,,,,,,,,,,
200200232,24094,13.76,2,24088,14616,2024-06-03 12:23:00,2024-06-05 7:14:00,,15.92,73.76,214400000,12912,23.76,22.12,,,,,,,,,,,,,,,
200205678,24096,13.64,1,,14615,2024-06-11 7:34:00,2024-06-13 7:03:00,82.4,20.8,82.4,246400000,17825,42.32,35.28,,,,,,,,,,,,,,,
200205684,24095,13.65,2,24089,14617,2024-06-03 12:34:00,2024-06-05 7:18:00,,14.24,78,204800000,14246,22.32,19.72,,,2024-06-09 0:30:00,2024-06-10 7:09:00,5.432,5.44,28.72,31.28,13171,2024-06-10 7:09:00,2024-06-11 7:34:00,168.24,12.08,21.44,83200000
200205685,24097,13.73,3,24094,14617,2024-06-05 15:08:00,2024-06-07 9:03:00,,33.44,101.6,230400000,14246,33.92,31.4,,,2024-06-09 0:30:00,2024-06-10 7:09:00,5.432,5.44,28.72,31.28,13171,2024-06-10 7:09:00,2024-06-11 7:34:00,168.24,12.08,21.44,83200000
200205691,24098,13.65,1,,14616,2024-06-15 11:24:00,2024-06-17 10:46:00,82.4,22.24,87.2,240800000,12912,37.12,18.84,,,2024-06-13 0:30:00,2024-06-14 8:00:00,5.608,5.608,22.56,20.96,14618,2024-06-14 8:00:00,2024-06-15 11:04:00,86.536,17.44,29.6,54240000
200205693,24099,13.81,2,24098,13170,2024-06-17 14:33:00,2024-06-19 9:34:00,80,19.52,78.48,165600000,12912,29.6,18.6,,,,,,,,,,,,,,,
200205697,24100,13.48,3,24099,13170,2024-06-19 13:04:00,2024-06-21 7:51:00,80,20.8,84,216800000,12912,32.8,24.64,,,,,,,,,,,,,,,
200205690,24103,13.64,1,,14615,2024-06-29 7:58:00,2024-07-01 7:49:00,82.4,19.04,84.8,172800000,14246,29.44,19.76,,,2024-06-27 0:30:00,2024-06-28 7:16:00,5.416,5.424,30.64,32.08,13171,2024-06-28 7:16:00,2024-06-29 7:06:00,167.52,16.16,28.08,91200000
200205698,24101,13.63,1,,13169,2024-06-29 7:58:00,2024-07-01 7:46:00,81.6,19.28,92,157600000,12912,31.84,23.48,,,2024-06-27 0:30:00,2024-06-28 7:16:00,5.416,5.424,30.64,32.08,13171,2024-06-28 7:16:00,2024-06-29 7:06:00,167.52,16.16,28.08,91200000
200205692,24104,13.61,1,,14616,2024-07-02 8:32:00,2024-07-04 8:43:00,83.6,20.16,82.4,171200000,14246,30.8,20.56,,,2024-06-30 0:30:00,2024-07-01 7:01:00,5.392,5.408,26.64,27.44,13172,2024-07-01 7:01:00,2024-07-02 8:01:00,169.04,14.4,26.32,82400000
200205694,24105,13.82,1,,13170,2024-07-02 8:32:00,2024-07-04 8:39:00,83.6,19.28,84.8,173600000,17825,31.84,19.16,,,2024-06-30 0:30:00,2024-07-01 7:01:00,5.392,5.408,26.64,27.44,13172,2024-07-01 7:01:00,2024-07-02 8:01:00,169.04,14.4,26.32,82400000
200205686,24108,13.63,1,,14617,2024-07-06 8:00:00,2024-07-08 8:29:00,84.4,20.16,81.6,159200000,14246,29.92,15.4,,,2024-07-04 0:30:00,2024-07-05 7:04:00,5.432,5.504,28.8,25.6,13171,2024-07-05 7:04:00,2024-07-06 7:22:00,168.8,17.52,28.08,92800000
200205695,24106,13.69,2,24101,13169,2024-07-01 11:14:00,2024-07-03 8:19:00,80,23.6,84,163200000,12912,32.4,26.4,,,,,,,,,,,,,,,
200205696,24107,13.45,2,24103,14615,2024-07-01 11:35:00,2024-07-03 8:37:00,80,21.76,87.2,151200000,14246,28.32,23.28,,,,,,,,,,,,,,,
200205687,24109,11.35,3,24106,13169,2024-07-03 12:21:00,2024-07-05 8:23:00,80,23.84,94.4,196000000,12912,31.84,28.68,,,,,,,,,,,,,,,
200205688,24110,13.77,3,24107,14615,2024-07-03 12:25:00,2024-07-05 8:26:00,80,26.56,104.8,157600000,14246,34.4,27.8,,,,,,,,,,,,,,,
,24043,,1,,14614,2024-03-12 7:25:00,2024-03-14 8:25:00,80,19.44,69.68,132800000,14246,30.32,16.16,1254.56,4.72,2024-03-10 0:30:00,2024-03-11 7:15:00,5.512,5.552,26.08,28.24,13172,2024-03-11 7:15:00,2024-03-12 7:25:00,165.6,13.84,23.2,109600000
,24076,,1,,14617,2024-05-14 8:50:00,2024-05-16 7:15:00,83.2,17.12,75.52,179200000,12912,29.68,18.72,,,2024-05-16 0:30:00,2024-05-17 7:15:00,5.384,5.408,24.32,27.72,14618,2024-05-17 7:15:00,2024-05-18 8:08:00,168.032,14.08,23.68,129600000