LOTE,FECHA,TURBIDEZ,VIABILIDAD,GLUCOSA_G/L
23019,2023-03-21 07:30:00,17.28,8333333.33,1.74
23019,2023-03-21 11:00:00,17.28,13973333.33,1.97
23019,2023-03-21 14:00:00,18.4,16880000.0,1.92
23019,2023-03-21 18:00:00,19.76,24746666.67,1.88
23019,2023-03-22 07:00:00,39.12,100000000.0,1.57
23019,2023-03-22 11:30:00,51.12,133866666.67,1.62
23019,2023-03-22 15:30:00,62.32,137600000.0,1.44
23019,2023-03-22 18:30:00,69.6,177066666.67,1.08
23019,2023-03-22 21:00:00,77.44,152000000.0,0.98
23019,2023-03-23 06:30:00,91.2,185333333.33,0.21
23020,2023-03-21 07:30:00,18.8,7456000.0,1.75
23020,2023-03-21 11:00:00,19.6,13706666.67,1.94
23020,2023-03-21 14:00:00,20.16,17680000.0,1.92
23020,2023-03-21 18:00:00,21.44,24773333.33,1.94
23020,2023-03-22 07:00:00,39.52,99733333.33,1.7
23020,2023-03-22 11:30:00,52.72,137066666.67,1.6
23020,2023-03-22 15:30:00,61.6,4036266666.67,1.43
23020,2023-03-22 18:30:00,70.16,159200000.0,1.06
23020,2023-03-22 21:00:00,74.72,157333333.33,1.06
23020,2023-03-23 06:30:00,91.2,180000000.0,0.31
23021,2023-03-22 07:30:00,16.16,8906666.67,1.73
23021,2023-03-22 11:30:00,16.48,11226666.67,1.8
23021,2023-03-22 15:30:00,17.6,14986666.67,2.04
23021,2023-03-22 18:30:00,19.2,24586666.67,1.84
23021,2023-03-22 21:00:00,19.52,35706666.67,1.98
23021,2023-03-23 07:30:00,34.0,91466666.67,1.84
23021,2023-03-23 11:30:00,45.28,114933333.33,1.62
23021,2023-03-23 14:30:00,54.24,158933333.33,1.53
23021,2023-03-23 18:30:00,64.4,153600000.0,1.28
23021,2023-03-23 21:00:00,70.88,173333333.33,1.18
23021,2023-03-24 06:30:00,86.4,245066666.67,0.28
23022,2023-03-22 07:30:00,18.48,7853333.33,1.73
23022,2023-03-22 11:30:00,18.64,14613333.33,2.02
23022,2023-03-22 15:30:00,19.84,20693333.33,2.05
23022,2023-03-22 18:30:00,20.88,31386666.67,1.79
23022,2023-03-22 21:00:00,21.84,40346666.67,2.01
23022,2023-03-23 07:30:00,36.16,105866666.67,1.85
23022,2023-03-23 11:30:00,47.04,147733333.33,1.63
23022,2023-03-23 14:00:00,52.24,170933333.33,1.7
23022,2023-03-23 18:30:00,61.84,182933333.33,1.3
23022,2023-03-23 21:00:00,65.76,171733333.33,1.19
23022,2023-03-24 06:30:00,83.2,228800000.0,0.37
23023,2023-03-28 08:00:00,17.12,5802666.67,1.8
23023,2023-03-28 12:00:00,17.52,11200000.0,2.19
23023,2023-03-28 16:00:00,18.72,19893333.33,2.15
23023,2023-03-28 20:00:00,19.84,32266666.67,2.02
23023,2023-03-29 08:00:00,32.08,98933333.33,1.9
23023,2023-03-29 12:00:00,39.92,135733333.33,1.78
23023,2023-03-29 16:00:00,47.6,132533333.33,1.65
23023,2023-03-29 20:00:00,55.28,113866666.67,1.23
23023,2023-03-30 06:15:00,72.88,179733333.33,0.69
23023,2023-03-30 07:30:00,73.2,194933333.33,0.61
23023,2023-03-30 09:30:00,74.4,132533333.33,0.52
23023,2023-03-30 12:00:00,81.6,212000000.0,0.46
23024,2023-03-28 08:00:00,16.56,6802666.67,1.79
23024,2023-03-28 12:00:00,16.72,12480000.0,2.16
23024,2023-03-28 16:00:00,18.56,16080000.0,2.12
23024,2023-03-28 20:00:00,19.6,34346666.67,2.1
23024,2023-03-29 08:00:00,32.88,112533333.33,1.85
23024,2023-03-29 12:00:00,44.16,117866666.67,1.78
23024,2023-03-29 16:00:00,55.2,166400000.0,1.54
23024,2023-03-29 20:00:00,65.68,184800000.0,
23024,2023-03-30 06:15:00,80.8,199466666.67,0.48
23024,2023-03-30 07:30:00,78.96,243200000.0,0.43
23024,2023-03-30 09:30:00,77.12,160800000.0,0.44
23025,2023-03-29 07:30:00,17.2,6266666.67,1.97
23025,2023-03-29 11:30:00,18.96,8960000.0,1.94
23025,2023-03-29 15:30:00,19.6,18933333.33,1.87
23025,2023-03-29 19:30:00,21.28,27653333.33,1.8
23025,2023-03-30 08:00:00,37.12,98133333.33,1.64
23025,2023-03-30 12:00:00,51.12,114133333.33,1.59
23025,2023-03-30 16:00:00,58.88,164800000.0,1.54
23025,2023-03-30 20:00:00,69.52,176000000.0,1.16
23025,2023-03-31 06:15:00,84.0,203466666.67,0.34
23025,2023-03-31 07:30:00,87.2,198933333.33,0.21
23026,2023-03-29 07:30:00,18.0,5306666.67,1.83
23026,2023-03-29 11:30:00,18.8,9040000.0,2.11
23026,2023-03-29 15:30:00,19.2,16666666.67,1.78
23026,2023-03-29 19:30:00,20.64,25733333.33,1.84
23026,2023-03-30 08:00:00,33.2,98933333.33,1.66
23026,2023-03-30 12:00:00,48.64,102666666.67,1.72
23026,2023-03-30 16:00:00,54.08,122133333.33,1.6
23026,2023-03-30 20:00:00,65.2,163733333.33,1.37
23026,2023-03-31 06:15:00,79.6,204800000.0,0.57
23026,2023-03-31 07:30:00,81.2,206400000.0,0.41
23027,2023-04-04 10:30:00,16.88,5525333.33,1.68
23027,2023-04-04 14:30:00,17.12,6226666.67,1.9
23027,2023-04-04 18:30:00,17.088,12000000.0,1.75
23027,2023-04-05 07:00:00,22.08,47840000.0,
23027,2023-04-05 11:00:00,26.56,67760000.0,
23027,2023-04-05 15:00:00,31.68,99466666.67,
23027,2023-04-05 19:00:00,40.4,130933333.33,
23027,2023-04-06 07:00:00,59.04,174133333.33,
23027,2023-04-06 10:00:00,66.08,218400000.0,
23027,2023-04-06 12:00:00,68.08,195466666.67,0.84
23028,2023-04-04 10:30:00,18.56,5146666.67,1.25
23028,2023-04-04 14:30:00,18.56,7096000.0,1.86
23028,2023-04-04 18:30:00,18.88,11173333.33,1.87
23028,2023-04-05 07:00:00,23.84,48880000.0,
23028,2023-04-05 11:00:00,28.08,69653333.33,
23028,2023-04-05 15:00:00,32.56,92266666.67,
23028,2023-04-05 19:00:00,40.32,138933333.33,
23028,2023-04-06 07:00:00,62.88,207733333.33,
23028,2023-04-06 10:00:00,65.52,198933333.33,
23028,2023-04-06 12:00:00,67.2,176000000.0,0.91
23029,2023-04-18 08:00:00,16.96,5552000.0,1.9
23029,2023-04-18 12:00:00,17.36,10880000.0,
23029,2023-04-18 16:00:00,18.4,15146666.67,
23029,2023-04-18 20:00:00,20.16,25333333.33,
23029,2023-04-19 06:00:00,32.56,91733333.33,
23029,2023-04-19 10:30:00,41.76,115466666.67,
23029,2023-04-19 14:30:00,53.84,14346666.67,
23029,2023-04-19 18:30:00,67.84,154400000.0,
23029,2023-04-20 06:00:00,85.6,199733333.33,
23029,2023-04-20 07:30:00,85.6,262666666.67,0.22
23030,2023-04-18 08:00:00,19.36,5440000.0,1.9
23030,2023-04-18 12:00:00,19.68,10746666.67,
23030,2023-04-18 16:00:00,20.48,14773333.33,
23030,2023-04-18 20:00:00,22.16,28346666.67,
23030,2023-04-19 06:00:00,34.24,82666666.67,
23030,2023-04-19 10:30:00,42.72,123733333.33,
23030,2023-04-19 14:30:00,53.36,129066666.67,
23030,2023-04-19 18:30:00,65.04,150933333.33,
23030,2023-04-20 06:00:00,81.6,173600000.0,
23030,2023-04-20 07:30:00,75.92,178933333.33,0.09
23031,2023-04-18 08:00:00,18.64,5336000.0,1.9
23031,2023-04-18 12:00:00,19.12,9600000.0,
23031,2023-04-18 16:00:00,19.92,15306666.67,
23031,2023-04-18 20:00:00,21.6,17760000.0,
23031,2023-04-19 06:00:00,33.04,72960000.0,
23031,2023-04-19 10:30:00,40.08,88266666.67,
23031,2023-04-19 14:30:00,52.32,124800000.0,
23031,2023-04-19 18:30:00,64.56,149066666.67,
23031,2023-04-20 06:00:00,85.6,190666666.67,
23031,2023-04-20 07:30:00,84.0,97333333.33,0.34
23032,2023-04-18 08:00:00,18.88,5437333.33,1.9
23032,2023-04-18 12:00:00,18.24,10693333.33,
23032,2023-04-18 16:00:00,19.76,16080000.0,
23032,2023-04-18 20:00:00,21.52,25120000.0,
23032,2023-04-19 06:00:00,33.04,81280000.0,
23032,2023-04-19 10:30:00,41.6,115466666.67,
23032,2023-04-19 14:30:00,51.44,106400000.0,
23032,2023-04-19 18:30:00,63.76,128426666.67,
23032,2023-04-20 06:00:00,78.4,182666666.67,
23032,2023-04-20 07:30:00,75.68,195733333.33,0.4
23033,2023-04-25 13:00:00,17.84,5706666.67,1.9
23033,2023-04-25 17:00:00,18.64,8906666.67,
23033,2023-04-25 21:00:00,19.28,14506666.67,
23033,2023-04-26 07:00:00,23.76,45013333.33,
23033,2023-04-26 11:00:00,28.32,76746666.67,1.9
23033,2023-04-26 15:00:00,34.32,88000000.0,1.91
23033,2023-04-26 19:00:00,42.08,118400000.0,1.85
23033,2023-04-27 06:00:00,56.88,199200000.0,1.35
23033,2023-04-27 08:00:00,57.84,201066666.67,1.24
23033,2023-04-27 09:00:00,66.96,251466666.67,1.03
23033,2023-04-27 11:45:00,69.52,244266666.67,0.95
23033,2023-04-27 12:50:00,72.48,226933333.33,0.86
23034,2023-04-25 13:00:00,16.32,5522666.67,
23034,2023-04-25 17:00:00,17.2,7784000.0,
23034,2023-04-25 21:00:00,17.36,13493333.33,
23034,2023-04-26 07:00:00,21.12,42133333.33,
23034,2023-04-26 11:00:00,24.88,73093333.33,2.02
23034,2023-04-26 15:00:00,29.68,99466666.67,1.87
23034,2023-04-26 19:00:00,38.56,104000000.0,1.84
23034,2023-04-27 06:00:00,56.96,191733333.33,1.35
23034,2023-04-27 08:00:00,60.8,181066666.67,1.25
23034,2023-04-27 09:00:00,62.48,186666666.67,1.11
23034,2023-04-27 11:45:00,67.36,227466666.67,1.11
23034,2023-04-27 12:50:00,69.12,196533333.33,0.88
23035,2023-04-25 08:00:00,17.76,4237333.33,
23035,2023-04-25 12:00:00,17.76,6234666.67,
23035,2023-04-25 16:00:00,18.32,9920000.0,
23035,2023-04-25 20:00:00,18.8,21893333.33,
23035,2023-04-26 07:00:00,24.16,51333333.33,
23035,2023-04-26 11:00:00,29.12,92266666.67,1.86
23035,2023-04-26 15:00:00,34.4,134666666.67,2.02
23035,2023-04-26 19:00:00,42.88,136000000.0,1.59
23035,2023-04-27 06:00:00,63.12,185066666.67,1.23
23035,2023-04-27 08:00:00,66.4,176533333.33,1.14
23035,2023-04-27 09:00:00,59.84,170933333.33,0.63
23035,2023-04-27 09:40:00,59.76,191466666.67,0.9
23036,2023-05-22 08:00:00,16.4,4845333.33,2.09
23036,2023-05-22 12:00:00,16.72,8453333.33,2.14
23036,2023-05-22 16:00:00,17.2,13333333.33,2.31
23036,2023-05-22 20:00:00,18.8,13066666.67,2.22
23036,2023-05-23 07:30:00,28.48,74000000.0,1.96
23036,2023-05-23 11:30:00,34.24,112266666.67,1.9
23036,2023-05-23 15:30:00,42.24,83733333.33,1.73
23036,2023-05-23 20:00:00,50.16,109333333.33,1.56
23036,2023-05-24 06:30:00,62.08,165333333.33,1.02
23036,2023-05-24 07:45:00,62.88,188800000.0,0.93
23036,2023-05-24 09:00:00,65.28,168533333.33,0.9
23036,2023-05-24 11:00:00,65.92,142400000.0,0.68
23037,2023-05-22 08:00:00,17.44,5152000.0,2.3
23037,2023-05-22 12:00:00,18.24,8960000.0,2.37
23037,2023-05-22 16:00:00,19.52,9813333.33,2.06
23037,2023-05-22 20:00:00,19.68,22826666.67,2.25
23037,2023-05-23 07:30:00,28.88,76160000.0,2.24
23037,2023-05-23 11:30:00,34.08,98933333.33,2.18
23037,2023-05-23 15:30:00,39.6,76560000.0,1.81
23037,2023-05-23 20:00:00,47.44,102400000.0,1.72
23037,2023-05-24 06:30:00,59.68,159466666.67,1.19
23037,2023-05-24 07:45:00,59.12,154400000.0,0.9
23037,2023-05-24 09:00:00,60.4,78720000.0,1.12
23037,2023-05-24 09:45:00,64.24,171200000.0,1.08
23037,2023-05-24 11:00:00,63.36,143733333.33,0.92
23038,2023-05-23 08:00:00,15.28,7728000.0,0.53
23038,2023-05-23 12:30:00,15.52,11866666.67,0.54
23038,2023-05-23 14:40:00,,,0.47
23038,2023-05-23 15:40:00,16.96,15386666.67,1.14
23038,2023-05-23 20:00:00,18.88,23573333.33,1.59
23038,2023-05-24 07:00:00,26.88,84800000.0,1.25
23038,2023-05-24 11:00:00,34.96,117333333.33,1.27
23038,2023-05-24 15:00:00,41.04,97066666.67,1.18
23038,2023-05-24 19:00:00,45.2,150933333.33,0.97
23038,2023-05-25 06:30:00,58.64,157866666.67,0.32
23038,2023-05-25 08:00:00,64.56,174400000.0,0.62
23038,2023-05-25 09:00:00,63.92,165066666.67,0.55
23038,2023-05-25 10:00:00,65.6,172266666.67,1.14
23038,2023-05-25 12:30:00,67.92,145333333.33,0.87
23039,2023-05-23 08:00:00,17.84,7824000.0,2.18
23039,2023-05-23 12:30:00,17.92,10293333.33,2.22
23039,2023-05-23 15:40:00,19.36,13653333.33,2.35
23039,2023-05-23 20:00:00,21.2,20400000.0,2.13
23039,2023-05-24 07:00:00,29.44,77946666.67,2.06
23039,2023-05-24 11:00:00,33.12,107200000.0,1.72
23039,2023-05-24 15:00:00,40.96,68240000.0,1.86
23039,2023-05-24 19:00:00,46.72,111466666.67,1.71
23039,2023-05-25 06:30:00,62.88,154666666.67,1.19
23039,2023-05-25 08:00:00,63.12,143200000.0,0.94
23039,2023-05-25 09:00:00,62.72,149066666.67,0.89
23039,2023-05-25 10:00:00,62.56,146666666.67,0.98
23039,2023-05-25 12:30:00,67.2,122666666.67,0.81
P23213,2023-05-24 15:00:00,19.6,69146666.67,2.06
P23213,2023-05-24 19:00:00,19.92,14720000.0,2.1
P23213,2023-05-25 06:30:00,24.8,35893333.33,1.99
P23213,2023-05-25 12:30:00,34.24,60506666.67,1.78
P23213,2023-05-25 16:30:00,40.64,70640000.0,1.75
P23213,2023-05-25 20:30:00,51.28,97333333.33,1.72
P23213,2023-05-26 06:45:00,72.24,161066666.67,0.88
P23213,2023-05-26 07:45:00,74.4,169333333.33,0.88
P23213,2023-05-26 10:00:00,75.44,185333333.33,0.76
P23213,2023-05-26 11:30:00,77.44,191466666.67,0.55
P23213,2023-05-26 13:00:00,80.0,187733333.33,0.47
P23213,2023-05-26 15:00:00,81.6,185333333.33,0.36
23040,2023-05-29 07:45:00,13.92,4296000.0,1.25
23040,2023-05-29 11:30:00,13.92,7570666.67,1.38
23040,2023-05-29 16:00:00,14.88,14693333.33,1.44
23040,2023-05-29 20:00:00,15.68,19306666.67,1.51
23040,2023-05-30 06:30:00,24.48,107200000.0,1.38
23040,2023-05-30 10:30:00,29.28,165600000.0,1.42
23040,2023-05-30 11:45:00,32.32,154666666.67,1.34
23041,2023-05-30 08:00:00,15.6,6850666.67,1.66
23041,2023-05-30 12:00:00,16.08,11546666.67,1.65
23041,2023-05-30 16:00:00,16.88,17040000.0,1.66
23041,2023-05-30 20:00:00,18.24,23920000.0,1.68
23041,2023-05-31 07:20:00,30.08,91466666.67,1.65
23041,2023-05-31 11:20:00,37.84,111200000.0,1.42
23041,2023-05-31 16:00:00,48.96,149866666.67,1.24
23041,2023-05-31 20:00:00,59.52,166933333.33,1.08
23041,2023-06-01 06:15:00,79.36,165333333.33,0.23
23041,2023-06-01 07:15:00,79.28,197333333.33,0.18
23041,2023-06-01 10:00:00,76.8,260266666.67,0.0
23042,2023-05-31 07:20:00,15.28,5864000.0,2.3
23042,2023-05-31 11:20:00,15.68,8480000.0,1.92
23042,2023-05-31 16:00:00,17.28,14986666.67,2.24
23042,2023-05-31 20:00:00,18.72,22186666.67,2.28
23042,2023-06-01 06:15:00,28.88,65680000.0,1.88
23042,2023-06-01 11:30:00,36.48,106666666.67,1.82
23042,2023-06-01 16:00:00,46.72,134133333.33,1.54
23042,2023-06-01 20:00:00,57.28,132000000.0,1.42
23042,2023-06-02 06:30:00,67.12,214400000.0,0.75
23042,2023-06-02 07:50:00,65.12,222666666.67,0.7
23042,2023-06-02 09:00:00,64.32,215200000.0,0.69
23042,2023-06-02 11:00:00,68.96,209866666.67,0.51
23044,2023-06-06 13:00:00,14.88,2778666.67,2.11
23044,2023-06-06 13:00:00,15.36,5197333.33,1.94
23044,2023-06-06 17:00:00,15.44,5656000.0,1.96
23044,2023-06-06 21:00:00,16.08,9493333.33,1.89
23044,2023-06-07 06:15:00,18.56,24240000.0,1.98
23044,2023-06-07 10:45:00,20.64,32506666.67,2.1
23044,2023-06-07 15:00:00,24.48,47866666.67,1.74
23044,2023-06-07 20:15:00,31.2,90133333.33,1.72
23044,2023-06-08 06:30:00,42.4,134133333.33,1.42
23044,2023-06-08 08:30:00,45.36,147466666.67,1.54
23044,2023-06-08 11:00:00,50.4,150933333.33,1.34
23044,2023-06-08 13:00:00,53.44,163200000.0,1.36
23044,2023-06-08 13:40:00,53.84,156000000.0,1.34
23044,2023-06-08 15:40:00,56.48,129866666.67,1.15
23043,2023-06-12 08:00:00,16.24,4328000.0,2.34
23043,2023-06-12 12:00:00,16.4,6781333.33,2.33
23043,2023-06-12 16:30:00,17.92,11253333.33,2.11
23043,2023-06-12 20:30:00,19.84,17253333.33,2.02
23043,2023-06-13 07:30:00,30.48,51146666.67,2.14
23043,2023-06-13 12:00:00,37.36,68293333.33,1.97
23043,2023-06-13 16:00:00,44.32,78533333.33,1.58
23043,2023-06-13 20:00:00,50.72,67146666.67,1.39
23043,2023-06-14 06:30:00,57.2,176533333.33,0.46
23043,2023-06-14 07:30:00,62.8,168533333.33,1.04
23043,2023-06-14 08:30:00,64.0,177600000.0,0.94
23043,2023-06-14 09:30:00,64.8,184533333.33,0.91
23043,2023-06-14 10:30:00,64.96,188000000.0,0.88
23045,2023-06-12 08:00:00,16.72,4754666.67,2.14
23045,2023-06-12 12:00:00,18.0,7506666.67,2.28
23045,2023-06-12 16:30:00,18.08,11520000.0,2.02
23045,2023-06-12 20:30:00,20.64,20293333.33,2.2
23045,2023-06-13 07:30:00,35.2,68293333.33,2.02
23045,2023-06-13 12:00:00,46.32,95733333.33,1.58
23045,2023-06-13 16:00:00,54.16,114400000.0,1.68
23045,2023-06-13 20:00:00,62.24,143733333.33,1.47
23045,2023-06-14 06:30:00,69.44,186400000.0,0.7
23045,2023-06-14 07:30:00,70.16,174400000.0,0.6
23045,2023-06-14 08:30:00,72.8,174400000.0,0.55
23046,2023-06-13 08:00:00,14.08,4386666.67,2.18
23046,2023-06-13 12:00:00,14.16,6821333.33,2.16
23046,2023-06-13 16:00:00,15.2,10666666.67,2.06
23046,2023-06-13 20:00:00,17.04,19600000.0,1.85
23046,2023-06-14 06:30:00,28.8,69226666.67,1.9
23046,2023-06-14 11:40:00,39.12,108533333.33,1.95
23046,2023-06-15 06:00:00,71.6,188000000.0,0.62
23046,2023-06-15 07:15:00,70.72,189600000.0,0.62
23046,2023-06-15 08:15:00,69.12,203466666.67,0.58
23046,2023-06-15 09:15:00,69.68,164800000.0,0.48
23047,2023-06-13 08:00:00,18.72,4312000.0,1.54
23047,2023-06-13 12:00:00,19.04,6242666.67,1.91
23047,2023-06-13 16:00:00,19.6,10773333.33,1.94
23047,2023-06-13 20:00:00,22.56,20533333.33,2.18
23047,2023-06-14 06:30:00,31.36,61760000.0,2.03
23047,2023-06-14 11:40:00,40.88,93600000.0,1.96
23047,2023-06-14 15:40:00,50.96,107733333.33,1.78
23047,2023-06-14 19:40:00,59.28,142933333.33,1.52
23047,2023-06-15 06:00:00,70.56,172533333.33,0.84
23047,2023-06-15 07:15:00,71.84,168533333.33,0.82
23047,2023-06-15 08:15:00,72.08,162133333.33,0.74
P23243,2023-06-14 10:40:00,15.92,19386666.67,2.18
P23243,2023-06-14 15:00:00,16.32,20560000.0,1.93
P23243,2023-06-14 19:00:00,17.76,21653333.33,1.97
P23243,2023-06-15 06:15:00,29.2,63973333.33,2.09
P23243,2023-06-15 11:00:00,37.6,97600000.0,2.1
P23243,2023-06-15 15:00:00,47.6,117066666.67,1.82
P23243,2023-06-15 19:00:00,55.12,139200000.0,1.46
P23243,2023-06-16 07:00:00,67.52,203200000.0,0.68
P23243,2023-06-16 08:00:00,69.2,202400000.0,0.61
P23243,2023-06-16 09:00:00,70.32,200266666.67,0.54
23048,2023-06-20 08:30:00,16.0,5746666.67,1.82
23048,2023-06-20 12:30:00,16.4,8293333.33,2.32
23048,2023-06-20 16:30:00,17.44,12986666.67,2.02
23048,2023-06-20 20:30:00,19.2,19146666.67,2.07
23048,2023-06-21 07:00:00,32.4,61440000.0,1.69
23048,2023-06-21 12:15:00,41.6,89866666.67,1.66
23048,2023-06-21 16:15:00,51.28,112000000.0,1.42
23048,2023-06-21 20:15:00,57.6,113333333.33,1.37
23048,2023-06-22 06:20:00,63.2,170133333.33,0.75
23048,2023-06-22 07:20:00,63.6,184800000.0,0.44
23048,2023-06-22 08:20:00,67.04,165866666.67,0.58
23049,2023-06-20 08:30:00,14.96,6400000.0,1.62
23049,2023-06-20 12:30:00,15.28,8746666.67,1.96
23049,2023-06-20 16:30:00,16.4,13253333.33,1.98
23049,2023-06-20 20:30:00,18.56,21760000.0,2.14
23049,2023-06-21 07:00:00,30.56,53893333.33,1.64
23049,2023-06-21 12:15:00,40.88,110133333.33,1.69
23049,2023-06-21 16:15:00,51.28,112000000.0,1.42
23049,2023-06-21 20:15:00,58.4,132800000.0,1.42
23049,2023-06-22 06:20:00,68.64,160800000.0,0.64
23049,2023-06-22 07:20:00,67.12,170400000.0,0.59
23049,2023-06-22 08:20:00,68.8,163466666.67,0.57
23050,2023-06-21 08:45:00,16.16,3741333.33,1.87
23050,2023-06-21 12:30:00,16.72,6128000.0,1.88
23050,2023-06-21 16:30:00,17.44,10426666.67,2.14
23050,2023-06-21 20:30:00,18.8,23066666.67,2.27
23050,2023-06-22 07:00:00,29.12,51840000.0,1.92
23050,2023-06-22 11:00:00,36.8,53493333.33,1.82
23050,2023-06-22 15:00:00,50.4,83226666.67,1.71
23050,2023-06-22 19:00:00,57.76,94400000.0,1.48
23050,2023-06-23 06:15:00,73.6,174400000.0,0.8
23050,2023-06-23 07:30:00,75.28,129600000.0,0.62
23050,2023-06-23 10:00:00,74.56,190666666.67,0.58
23051,2023-06-21 08:45:00,14.8,3554666.67,2.14
23051,2023-06-21 12:30:00,15.12,6970666.67,2.23
23051,2023-06-21 16:30:00,16.48,11946666.67,2.19
23051,2023-06-21 20:30:00,18.08,19226666.67,2.09
23051,2023-06-22 07:00:00,28.4,64560000.0,1.93
23051,2023-06-22 11:00:00,35.84,73786666.67,1.81
23051,2023-06-22 15:00:00,46.8,100400000.0,
23051,2023-06-22 19:00:00,50.56,112800000.0,1.58
23051,2023-06-23 06:15:00,51.76,194666666.67,1.3
23051,2023-06-23 07:30:00,52.24,184533333.33,1.16
23051,2023-06-23 08:30:00,50.56,214933333.33,1.06
23051,2023-06-23 10:00:00,50.0,216800000.0,1.18
23051,2023-06-23 10:40:00,49.76,211466666.67,1.22
23051,2023-06-23 12:20:00,53.28,265866666.67,0.98
23052,2023-06-26 08:00:00,16.48,2912000.0,1.99
23052,2023-06-26 12:00:00,16.8,7514666.67,2.01
23052,2023-06-26 16:00:00,17.84,11973333.33,2.02
23052,2023-06-26 20:00:00,20.24,19920000.0,1.78
23052,2023-06-27 07:15:00,35.6,67466666.67,1.82
23052,2023-06-27 11:30:00,42.96,85333333.33,1.82
23052,2023-06-27 15:30:00,55.12,101333333.33,1.53
23052,2023-06-27 19:30:00,62.56,119733333.33,1.46
23052,2023-06-28 06:15:00,73.04,184800000.0,0.71
23052,2023-06-28 07:15:00,74.4,218666666.67,0.69
23052,2023-06-28 09:30:00,72.88,188533333.33,0.67
23053,2023-06-26 08:00:00,16.64,4544000.0,2.1
23053,2023-06-26 12:00:00,17.04,7666666.67,2.09
23053,2023-06-26 16:00:00,17.92,10026666.67,2.16
23053,2023-06-26 20:00:00,20.08,20186666.67,2.17
23053,2023-06-27 07:15:00,32.48,60373333.33,1.07
23053,2023-06-27 11:30:00,39.52,81146666.67,2.0
23053,2023-06-27 15:30:00,48.4,97866666.67,1.54
23053,2023-06-27 19:30:00,56.8,106666666.67,1.54
23053,2023-06-28 06:15:00,67.28,160266666.67,0.87
23053,2023-06-28 07:15:00,70.72,195466666.67,0.63
23053,2023-06-28 09:30:00,72.64,167733333.33,0.61
23054,2023-06-27 08:15:00,17.04,3992000.0,1.81
23054,2023-06-27 11:30:00,17.2,6058666.67,1.81
23054,2023-06-27 15:30:00,18.08,8989333.33,1.8
23054,2023-06-27 19:30:00,20.88,149066666.67,1.99
23054,2023-06-28 07:00:00,31.36,45733333.33,1.98
23054,2023-06-28 11:30:00,40.72,70373333.33,1.6
23054,2023-06-28 15:30:00,50.56,113066666.67,1.62
23054,2023-06-28 19:30:00,57.92,123733333.33,1.54
23054,2023-06-29 06:30:00,66.88,166400000.0,0.81
23054,2023-06-29 07:35:00,65.92,165600000.0,0.7
23054,2023-06-29 08:15:00,65.28,192800000.0,0.72
23055,2023-06-27 08:15:00,17.12,3952000.0,1.92
23055,2023-06-27 11:30:00,17.04,5642666.67,0.92
23055,2023-06-27 15:30:00,18.16,9280000.0,1.84
23055,2023-06-27 19:30:00,20.08,9253333.33,1.96
23055,2023-06-28 07:00:00,29.44,41493333.33,2.06
23055,2023-06-28 11:30:00,38.0,51413333.33,1.78
23055,2023-06-28 15:30:00,48.56,71013333.33,1.74
23055,2023-06-28 19:30:00,59.68,133333333.33,1.54
23055,2023-06-29 06:30:00,76.4,163466666.67,0.81
23055,2023-06-29 07:35:00,79.52,141600000.0,0.69
23055,2023-06-29 08:15:00,81.6,169066666.67,0.77
23059,2023-06-28 13:00:00,21.84,5194666.67,1.98
23059,2023-06-28 17:00:00,22.0,15253333.33,2.07
23059,2023-06-28 21:00:00,23.52,8093333.33,1.98
23059,2023-06-29 07:20:00,30.88,28906666.67,2.13
23059,2023-06-29 11:20:00,39.28,40400000.0,1.77
23059,2023-06-29 15:20:00,48.16,81493333.33,1.59
23059,2023-06-29 19:20:00,58.48,117066666.67,1.54
23059,2023-06-30 07:00:00,76.32,190933333.33,0.54
23056,2023-07-03 09:00:00,18.72,7312000.0,2.06
23056,2023-07-03 13:00:00,19.2,10026666.67,1.99
23056,2023-07-03 17:00:00,20.8,14293333.33,2.18
23056,2023-07-03 21:00:00,22.48,25173333.33,2.07
23056,2023-07-04 08:00:00,38.0,48480000.0,1.94
23056,2023-07-04 12:00:00,47.92,104000000.0,1.72
23056,2023-07-04 16:00:00,57.36,98933333.33,1.53
23056,2023-07-04 20:00:00,67.6,92266666.67,1.18
23056,2023-07-05 06:00:00,78.0,154933333.33,0.6
23056,2023-07-05 08:00:00,81.6,205600000.0,0.47
23056,2023-07-05 10:00:00,89.6,91200000.0,0.38
23057,2023-07-03 09:00:00,18.64,7589333.33,2.06
23057,2023-07-03 13:00:00,18.16,10506666.67,1.95
23057,2023-07-03 17:00:00,20.4,16426666.67,2.18
23057,2023-07-03 21:00:00,21.92,20106666.67,2.14
23057,2023-07-04 08:00:00,33.44,53013333.33,2.05
23057,2023-07-04 12:00:00,42.08,100800000.0,1.72
23057,2023-07-04 16:00:00,49.76,82373333.33,1.56
23057,2023-07-04 20:00:00,60.96,100533333.33,1.42
23057,2023-07-05 06:00:00,71.68,148266666.67,0.87
23057,2023-07-05 08:00:00,73.6,173066666.67,0.74
23057,2023-07-05 09:00:00,73.2,173600000.0,0.75
23057,2023-07-05 11:15:00,73.04,142133333.33,0.56
23060,2023-07-04 08:00:00,15.04,4672000.0,1.98
23060,2023-07-04 12:00:00,15.68,4666666.67,2.06
23060,2023-07-04 16:00:00,16.88,11493333.33,2.14
23060,2023-07-04 20:00:00,18.56,18506666.67,1.98
23060,2023-07-05 06:15:00,26.96,58906666.67,1.93
23060,2023-07-05 10:30:00,32.72,76373333.33,1.92
23060,2023-07-05 14:15:00,40.24,90666666.67,1.79
23060,2023-07-05 18:15:00,50.48,104533333.33,1.56
23060,2023-07-06 06:00:00,70.64,168266666.67,0.98
23060,2023-07-06 07:00:00,71.28,163466666.67,0.9
23060,2023-07-06 08:00:00,71.76,140800000.0,0.87
23060,2023-07-06 10:30:00,74.32,167466666.67,0.79
23061,2023-07-04 08:00:00,17.84,5088000.0,2.03
23061,2023-07-04 12:00:00,18.4,4794666.67,2.07
23061,2023-07-04 16:00:00,19.52,12906666.67,1.95
23061,2023-07-04 20:00:00,21.2,22480000.0,1.87
23061,2023-07-05 06:15:00,30.96,65626666.67,2.48
23061,2023-07-05 10:30:00,39.44,100000000.0,1.75
23061,2023-07-05 14:15:00,47.44,94933333.33,1.54
23061,2023-07-05 18:15:00,56.4,112800000.0,1.27
23061,2023-07-06 06:00:00,73.2,139200000.0,0.7
23061,2023-07-06 07:00:00,75.04,145333333.33,0.68
23061,2023-07-06 08:00:00,73.36,145333333.33,0.55
23061,2023-07-06 10:30:00,75.52,157600000.0,0.42
P23273,2023-07-05 13:40:00,20.4,11813333.33,1.95
P23273,2023-07-05 17:40:00,20.48,11653333.33,1.87
P23273,2023-07-06 08:00:00,28.48,40533333.33,1.89
P23273,2023-07-06 12:00:00,32.88,55146666.67,1.62
P23273,2023-07-06 16:00:00,42.8,71680000.0,1.57
P23273,2023-07-06 20:00:00,50.24,73813333.33,1.45
P23273,2023-07-07 06:30:00,66.4,165333333.33,0.99
P23273,2023-07-07 08:30:00,67.52,173333333.33,0.83
P23273,2023-07-07 11:00:00,69.76,168533333.33,0.72
P23273,2023-07-07 12:00:00,70.0,189333333.33,0.64
P23273,2023-07-07 14:30:00,75.12,159466666.67,0.51
23062,2023-07-10 08:00:00,16.96,5424000.0,1.86
23062,2023-07-10 12:00:00,18.16,69413333.33,1.01
23062,2023-07-10 16:00:00,18.88,9866666.67,2.14
23062,2023-07-10 20:00:00,19.6,13546666.67,2.1
23062,2023-07-11 06:45:00,25.12,41786666.67,1.96
23062,2023-07-11 11:00:00,28.64,61045333.33,1.96
23062,2023-07-11 15:00:00,36.64,72800000.0,1.89
23062,2023-07-11 19:00:00,43.2,64640000.0,1.77
23062,2023-07-12 06:00:00,64.0,161333333.33,1.3
23062,2023-07-12 07:45:00,65.36,167200000.0,1.13
23062,2023-07-12 08:45:00,66.56,165600000.0,1.13
23062,2023-07-12 11:15:00,69.2,123200000.0,1.02
23063,2023-07-10 08:00:00,17.6,4856000.0,1.98
23063,2023-07-10 12:00:00,18.48,8248000.0,1.97
23063,2023-07-10 16:00:00,18.96,9413333.33,2.02
23063,2023-07-10 20:00:00,19.84,16106666.67,2.05
23063,2023-07-11 06:45:00,26.0,44666666.67,1.84
23063,2023-07-11 11:00:00,30.56,65840000.0,1.84
23063,2023-07-11 15:00:00,37.12,73786666.67,1.74
23063,2023-07-11 19:00:00,45.04,76080000.0,1.67
23063,2023-07-12 06:00:00,60.32,141333333.33,1.11
23063,2023-07-12 07:45:00,63.36,134133333.33,1.06
23063,2023-07-12 08:45:00,65.04,138133333.33,1.01
23063,2023-07-12 10:00:00,66.32,169600000.0,0.94
23063,2023-07-12 11:15:00,68.32,113866666.67,0.9
23063,2023-07-12 13:00:00,66.24,152800000.0,0.81
23064,2023-07-11 08:00:00,16.48,5514666.67,1.97
23064,2023-07-11 12:00:00,16.56,9706666.67,1.94
23064,2023-07-11 16:00:00,17.68,11626666.67,2.11
23064,2023-07-11 20:00:00,18.08,17866666.67,2.17
23064,2023-07-12 06:30:00,27.28,41840000.0,1.96
23064,2023-07-12 10:40:00,32.8,67520000.0,1.95
23064,2023-07-12 14:30:00,45.28,92266666.67,1.67
23064,2023-07-12 18:30:00,55.04,183200000.0,1.43
23064,2023-07-13 06:15:00,77.6,138400000.0,0.78
23064,2023-07-13 07:15:00,80.8,172533333.33,0.68
23064,2023-07-13 08:00:00,81.6,118133333.33,0.61
23064,2023-07-13 10:00:00,81.6,183200000.0,0.48
23065,2023-07-11 08:00:00,18.88,4741333.33,1.99
23065,2023-07-11 12:00:00,19.04,9360000.0,1.86
23065,2023-07-11 16:00:00,19.92,13896000.0,1.96
23065,2023-07-11 20:00:00,21.2,15866666.67,2.02
23065,2023-07-12 06:30:00,28.4,51760000.0,2.01
23065,2023-07-12 10:40:00,34.72,48933333.33,1.98
23065,2023-07-12 14:30:00,42.72,84960000.0,1.73
23065,2023-07-12 18:30:00,52.96,157600000.0,1.6
23065,2023-07-13 06:15:00,74.8,117866666.67,0.88
23065,2023-07-13 07:15:00,75.12,136533333.33,0.83
23065,2023-07-13 09:00:00,74.88,150133333.33,0.68
23065,2023-07-13 11:00:00,75.04,160533333.33,0.55
23067,2023-07-17 08:00:00,18.08,6874666.67,1.74
23067,2023-07-17 12:00:00,18.16,11680000.0,1.94
23067,2023-07-17 16:00:00,19.2,15546666.67,1.91
23067,2023-07-17 20:00:00,19.36,27386666.67,2.1
23067,2023-07-18 07:00:00,27.52,80320000.0,1.82
23067,2023-07-18 11:00:00,33.52,85866666.67,1.72
23067,2023-07-18 15:00:00,40.56,122400000.0,1.71
23067,2023-07-18 19:00:00,47.12,218666666.67,1.35
23067,2023-07-19 06:00:00,60.48,227733333.33,0.93
23067,2023-07-19 07:15:00,60.32,144000000.0,0.68
23067,2023-07-19 08:30:00,61.2,188533333.33,0.83
23067,2023-07-19 09:30:00,60.72,153333333.33,0.75
23067,2023-07-19 11:30:00,60.56,154666666.67,0.68
23068,2023-07-18 08:10:00,16.4,7181333.33,1.81
23068,2023-07-18 12:10:00,15.44,11840000.0,2.02
23068,2023-07-18 16:10:00,16.96,18026666.67,1.95
23068,2023-07-18 20:10:00,18.08,28960000.0,1.98
23068,2023-07-19 06:30:00,25.68,88266666.67,2.07
23068,2023-07-19 10:30:00,32.32,83920000.0,1.89
23068,2023-07-19 14:30:00,43.36,87466666.67,1.68
23068,2023-07-19 18:30:00,50.08,193066666.67,1.37
23068,2023-07-20 06:15:00,69.44,195733333.33,0.65
23068,2023-07-20 07:15:00,72.96,158400000.0,0.73
23068,2023-07-20 09:45:00,75.68,141866666.67,0.54
23069,2023-07-18 08:10:00,17.04,6834666.67,1.95
23069,2023-07-18 12:10:00,16.48,11866666.67,1.81
23069,2023-07-18 16:10:00,18.24,15813333.33,1.84
23069,2023-07-18 20:10:00,19.28,22506666.67,2.02
23069,2023-07-19 06:30:00,25.6,81333333.33,1.95
23069,2023-07-19 10:30:00,28.88,82266666.67,1.81
23069,2023-07-19 14:30:00,39.28,56986666.67,1.63
23069,2023-07-19 18:30:00,46.32,160266666.67,1.54
23069,2023-07-20 06:15:00,62.96,194933333.33,0.94
23069,2023-07-20 07:15:00,63.6,153333333.33,0.82
23069,2023-07-20 09:45:00,64.8,128266666.67,0.7
23066,2023-07-24 09:15:00,14.64,6189333.33,1.98
23066,2023-07-24 13:00:00,15.44,11093333.33,1.96
23066,2023-07-24 17:00:00,16.96,29546666.67,2.14
23066,2023-07-24 21:00:00,18.56,30826666.67,1.98
23066,2023-07-25 08:40:00,35.6,123733333.33,1.84
23066,2023-07-25 12:00:00,42.08,116000000.0,1.58
23066,2023-07-25 16:00:00,51.52,135733333.33,1.26
23066,2023-07-25 20:00:00,57.28,121333333.33,1.06
23066,2023-07-26 07:00:00,66.0,173066666.67,0.34
23066,2023-07-26 08:10:00,68.88,172266666.67,0.26
23066,2023-07-26 10:00:00,65.36,113866666.67,0.18
23070,2023-07-24 09:15:00,17.52,6085333.33,2.07
23070,2023-07-24 13:00:00,18.72,11146666.67,1.98
23070,2023-07-24 17:00:00,19.76,23386666.67,1.99
23070,2023-07-24 21:00:00,21.52,25333333.33,2.02
23070,2023-07-25 08:40:00,33.44,80533333.33,1.78
23070,2023-07-25 12:00:00,38.8,80853333.33,1.72
23070,2023-07-25 16:00:00,48.56,103200000.0,1.5
23070,2023-07-25 20:00:00,52.56,120000000.0,1.24
23070,2023-07-26 07:00:00,61.92,165866666.67,0.74
23070,2023-07-26 08:10:00,62.72,91200000.0,0.67
23070,2023-07-26 10:00:00,63.68,110133333.33,0.52
23071,2023-07-25 07:45:00,18.0,5533333.33,2.04
23071,2023-07-25 11:20:00,18.32,8128000.0,1.91
23071,2023-07-25 15:30:00,19.36,13840000.0,2.03
23071,2023-07-25 19:30:00,21.28,15973333.33,1.87
23071,2023-07-26 07:20:00,34.0,77920000.0,1.83
23071,2023-07-26 11:15:00,42.32,79226666.67,1.64
23071,2023-07-26 15:20:00,51.12,80746666.67,1.46
23071,2023-07-26 19:20:00,60.88,109866666.67,1.21
23071,2023-07-27 06:20:00,74.88,141066666.67,0.51
23071,2023-07-27 07:20:00,77.2,173866666.67,0.45
23071,2023-07-27 09:45:00,77.36,111200000.0,0.26
23072,2023-07-25 07:45:00,16.64,5365333.33,2.04
23072,2023-07-25 11:20:00,17.04,8904000.0,1.88
23072,2023-07-25 15:30:00,18.32,13013333.33,1.9
23072,2023-07-25 19:30:00,20.32,17386666.67,1.87
23072,2023-07-26 07:20:00,31.36,78933333.33,1.75
23072,2023-07-26 11:15:00,38.4,73866666.67,1.65
23072,2023-07-26 15:20:00,47.28,69733333.33,1.57
23072,2023-07-26 19:20:00,54.8,110400000.0,1.4
23072,2023-07-27 06:20:00,69.28,128800000.0,0.63
23072,2023-07-27 07:20:00,69.04,138400000.0,0.54
23072,2023-07-27 09:45:00,69.68,80293333.33,0.38
23073,2023-07-31 10:00:00,17.76,6864000.0,1.97
23073,2023-07-31 14:00:00,18.32,11093333.33,1.9
23073,2023-07-31 18:00:00,19.28,27626666.67,2.02
23073,2023-08-01 08:15:00,32.32,65946666.67,1.7
23073,2023-08-01 12:30:00,42.72,92800000.0,1.52
23073,2023-08-01 16:30:00,50.88,182133333.33,1.48
23073,2023-08-01 20:30:00,55.92,103733333.33,1.23
23073,2023-08-02 07:00:00,71.6,83520000.0,0.51
23073,2023-08-02 08:45:00,70.24,148266666.67,0.46
23073,2023-08-02 09:45:00,71.52,160000000.0,0.4
23073,2023-08-02 11:45:00,73.84,77173333.33,0.26
23075,2023-07-31 10:00:00,17.84,6989333.33,1.74
23075,2023-07-31 14:00:00,18.56,10160000.0,1.78
23075,2023-07-31 18:00:00,19.6,22053333.33,1.89
23075,2023-08-01 08:15:00,35.44,85600000.0,1.78
23075,2023-08-01 12:30:00,39.2,79040000.0,1.54
23075,2023-08-01 16:30:00,46.24,155200000.0,1.43
23075,2023-08-01 20:30:00,53.28,75680000.0,1.12
23075,2023-08-02 07:00:00,68.64,112800000.0,0.57
23075,2023-08-02 08:45:00,70.48,125866666.67,0.5
23075,2023-08-02 09:45:00,70.64,148533333.33,0.46
23075,2023-08-02 11:45:00,75.36,104533333.33,0.3
23074,2023-08-01 00:00:00,17.28,5005333.33,1.99
23074,2023-08-01 12:20:00,17.84,11120000.0,2.1
23074,2023-08-01 16:20:00,19.76,17840000.0,2.07
23074,2023-08-01 20:20:00,21.92,24213333.33,2.27
23074,2023-08-02 07:20:00,35.12,100800000.0,2.15
23074,2023-08-02 11:20:00,40.72,111733333.33,1.93
23074,2023-08-02 15:20:00,47.36,96266666.67,1.74
23074,2023-08-02 19:20:00,53.04,117066666.67,1.61
23074,2023-08-03 06:05:00,59.44,141866666.67,1.03
23074,2023-08-03 07:05:00,59.28,169066666.67,0.89
23074,2023-08-03 08:40:00,60.08,184266666.67,0.7
23074,2023-08-03 10:45:00,59.68,135200000.0,0.54
23076,2023-08-01 08:00:00,17.92,5776000.0,1.83
23076,2023-08-01 12:20:00,18.4,7989333.33,1.78
23076,2023-08-01 16:20:00,20.08,19386666.67,2.0
23076,2023-08-01 20:20:00,21.44,17493333.33,1.92
23076,2023-08-02 07:20:00,31.28,56880000.0,1.78
23076,2023-08-02 11:20:00,41.04,73226666.67,1.78
23076,2023-08-02 15:20:00,51.12,74720000.0,1.62
23076,2023-08-02 19:20:00,58.16,98133333.33,1.33
23076,2023-08-03 06:05:00,73.76,129333333.33,0.74
23076,2023-08-03 07:05:00,77.2,176266666.67,0.66
23076,2023-08-03 09:20:00,77.36,140266666.67,0.58
23077,2023-09-04 12:15:00,26.24,4506666.67,2.104
23077,2023-09-04 16:15:00,18.96,10000000.0,1.784
23077,2023-09-04 20:00:00,20.24,20400000.0,2.032
23077,2023-09-05 06:45:00,28.48,57280000.0,2.072
23077,2023-09-05 11:00:00,35.12,66106666.67,1.824
23077,2023-09-05 14:45:00,42.8,84400000.0,1.968
23077,2023-09-05 18:45:00,49.36,138133333.33,1.896
23077,2023-09-06 06:20:00,66.72,120000000.0,1.16
23077,2023-09-06 07:40:00,67.36,128800000.0,0.856
23077,2023-09-06 10:00:00,67.76,137600000.0,0.848
23077,2023-09-06 11:00:00,67.92,155200000.0,0.76
23077,2023-09-06 11:45:00,70.96,157866666.67,0.752
23077,2023-09-06 13:00:00,70.56,165333333.33,0.76
23078,2023-09-04 08:10:00,18.0,6677333.33,1.944
23078,2023-09-04 12:00:00,18.64,10906666.67,2.216
23078,2023-09-04 16:00:00,20.32,11066666.67,1.568
23078,2023-09-04 20:00:00,21.2,22826666.67,2.048
23078,2023-09-05 06:45:00,29.84,71760000.0,1.232
23078,2023-09-05 11:00:00,36.32,70560000.0,1.728
23078,2023-09-05 14:45:00,43.92,78000000.0,1.736
23078,2023-09-05 18:45:00,4.96,116533333.33,1.504
23078,2023-09-06 06:20:00,69.04,88506666.67,0.808
23078,2023-09-06 07:40:00,70.56,105866666.67,0.68
23078,2023-09-06 09:00:00,73.2,147200000.0,0.656
23078,2023-09-06 11:00:00,76.4,166133333.33,0.568
23079,2023-09-05 08:30:00,18.64,5282666.67,1.88
23079,2023-09-05 12:30:00,19.92,6930666.67,1.88
23079,2023-09-05 16:30:00,20.72,14933333.33,2.144
23079,2023-09-05 20:30:00,22.32,23920000.0,2.024
23079,2023-09-06 06:45:00,31.6,53626666.67,1.64
23079,2023-09-06 10:45:00,36.88,62453333.33,1.624
23079,2023-09-06 14:45:00,46.32,74106666.67,1.456
23079,2023-09-06 18:45:00,54.24,131200000.0,1.24
23079,2023-09-07 06:30:00,74.24,131200000.0,0.632
23079,2023-09-07 07:40:00,79.92,116266666.67,0.576
23079,2023-09-07 09:00:00,84.8,145600000.0,0.56
23079,2023-09-07 10:35:00,81.6,132800000.0,
23080,2023-09-05 08:30:00,18.8,5333333.33,1.944
23080,2023-09-05 12:30:00,19.2,8170666.67,1.52
23080,2023-09-05 16:30:00,20.08,14400000.0,2.016
23080,2023-09-05 20:30:00,21.68,22266666.67,2.136
23080,2023-09-06 06:45:00,31.04,52480000.0,1.616
23080,2023-09-06 10:45:00,37.76,67173333.33,1.776
23080,2023-09-06 14:45:00,48.16,83200000.0,1.424
23080,2023-09-06 18:45:00,58.0,59253333.33,1.192
23080,2023-09-07 06:30:00,77.04,130133333.33,0.56
23080,2023-09-07 07:40:00,83.2,129866666.67,0.568
23080,2023-09-07 10:00:00,82.4,126133333.33,0.56
P23363,2023-09-06 14:45:00,21.6,5504000.0,1.512
P23363,2023-09-06 18:45:00,21.68,13866666.67,1.648
P23363,2023-09-07 06:30:00,28.08,33413333.33,1.64
P23363,2023-09-07 10:30:00,33.04,53066666.67,1.688
P23363,2023-09-07 14:30:00,39.92,50160000.0,1.48
P23363,2023-09-07 18:30:00,48.56,68373333.33,1.56
P23363,2023-09-08 08:00:00,74.16,115466666.67,0.768
P23363,2023-09-08 10:00:00,74.4,115466666.67,0.808
P23363,2023-09-08 11:00:00,76.08,162400000.0,0.712
P23363,2023-09-08 12:00:00,77.92,152000000.0,0.608
P23363,2023-09-08 13:15:00,77.12,99466666.67,0.624
P23363,2023-09-08 15:30:00,84.8,165066666.67,0.368
23081,2023-09-13 07:55:00,18.24,5408000.0,1.592
23081,2023-09-13 11:55:00,18.32,8856000.0,1.376
23081,2023-09-13 15:55:00,19.28,10480000.0,1.576
23081,2023-09-13 19:55:00,20.16,24560000.0,1.512
23081,2023-09-14 06:45:00,25.36,54426666.67,1.304
23081,2023-09-14 10:45:00,32.08,70773333.33,1.152
23081,2023-09-14 14:45:00,33.28,69386666.67,1.104
23081,2023-09-14 18:45:00,36.16,76106666.67,0.984
23081,2023-09-15 06:40:00,45.6,116266666.67,0.84
23081,2023-09-15 07:40:00,49.36,104000000.0,0.816
23081,2023-09-15 08:40:00,48.96,112000000.0,0.808
23081,2023-09-15 09:50:00,50.72,109066666.67,0.768
23081,2023-09-15 11:30:00,50.8,99200000.0,
23082,2023-09-13 07:55:00,16.32,3589333.33,2.208
23082,2023-09-13 11:55:00,17.04,6853333.33,1.968
23082,2023-09-13 15:55:00,18.48,8666666.67,1.968
23082,2023-09-13 19:55:00,19.92,17173333.33,2.144
23082,2023-09-14 06:45:00,28.56,55840000.0,1.792
23082,2023-09-14 10:45:00,39.68,62933333.33,1.504
23082,2023-09-14 14:45:00,45.68,48986666.67,1.456
23082,2023-09-14 18:45:00,53.36,53360000.0,1.176
23082,2023-09-15 06:40:00,52.48,128266666.67,0.888
23082,2023-09-15 07:40:00,56.8,124266666.67,0.96
23082,2023-09-15 08:40:00,59.76,117866666.67,0.84
23082,2023-09-15 10:10:00,59.44,128533333.33,0.808
23082,2023-09-15 11:10:00,60.32,113600000.0,0.76
23082,2023-09-15 12:00:00,65.04,150133333.33,0.68
23082,2023-09-15 13:00:00,67.68,155466666.67,0.568
23082,2023-09-15 15:00:00,74.24,95466666.67,0.448
23083,2023-09-12 08:40:00,16.96,7296000.0,1.88
23083,2023-09-12 12:40:00,17.36,13333333.33,2.312
23083,2023-09-12 16:40:00,18.4,15013333.33,2.136
23083,2023-09-12 20:40:00,20.08,26800000.0,2.568
23083,2023-09-13 06:30:00,28.96,80960000.0,2.152
23083,2023-09-13 10:30:00,35.76,82346666.67,2.248
23083,2023-09-13 14:30:00,42.08,92000000.0,1.84
23083,2023-09-13 18:30:00,48.24,163733333.33,1.784
23083,2023-09-14 06:30:00,52.56,108000000.0,1.408
23083,2023-09-14 07:40:00,54.16,70400000.0,1.272
23083,2023-09-14 10:30:00,53.84,103466666.67,1.136
23084,2023-09-12 08:40:00,17.44,5872000.0,1.768
23084,2023-09-12 12:40:00,18.08,10160000.0,2.216
23084,2023-09-12 16:40:00,18.24,12933333.33,1.92
23084,2023-09-12 20:40:00,21.28,26000000.0,2.224
23084,2023-09-13 06:30:00,33.12,61120000.0,1.824
23084,2023-09-13 10:30:00,41.84,66853333.33,1.728
23084,2023-09-13 14:30:00,49.76,76053333.33,1.512
23084,2023-09-13 18:30:00,57.84,79093333.33,1.264
23084,2023-09-14 06:30:00,73.92,141866666.67,0.52
23084,2023-09-14 07:40:00,80.8,97600000.0,0.416
23084,2023-09-14 09:00:00,80.0,187466666.67,0.336
23084,2023-09-14 10:00:00,83.2,139733333.33,0.0
23084,2023-09-14 14:00:00,79.44,114933333.33,0.0
23085,2023-09-25 09:00:00,16.32,5656000.0,2.096
23085,2023-09-25 13:00:00,16.88,6218666.67,1.936
23085,2023-09-25 17:00:00,17.68,11200000.0,1.944
23085,2023-09-25 21:00:00,19.68,26800000.0,1.768
23085,2023-09-26 08:30:00,32.32,56426666.67,1.576
23085,2023-09-26 12:30:00,37.12,84533333.33,1.688
23085,2023-09-26 16:30:00,44.32,84240000.0,1.424
23085,2023-09-26 20:30:00,51.04,92266666.67,1.2
23085,2023-09-27 07:10:00,64.72,128533333.33,0.824
23085,2023-09-27 08:10:00,63.28,137066666.67,0.624
23085,2023-09-27 09:10:00,64.8,158666666.67,0.664
23085,2023-09-27 11:15:00,65.92,133866666.67,0.552
23085,2023-09-27 13:00:00,63.76,131733333.33,0.52
23086,2023-09-25 09:00:00,16.16,5314666.67,2.048
23086,2023-09-25 13:00:00,17.12,15493333.33,1.712
23086,2023-09-25 17:00:00,17.92,14960000.0,1.76
23086,2023-09-25 21:00:00,18.56,26666666.67,1.808
23086,2023-09-26 08:30:00,31.52,48560000.0,1.72
23086,2023-09-26 12:30:00,36.08,78506666.67,1.832
23086,2023-09-26 16:30:00,43.6,59866666.67,1.424
23086,2023-09-26 20:30:00,50.64,94133333.33,1.312
23086,2023-09-27 07:10:00,59.92,123200000.0,0.88
23086,2023-09-27 08:10:00,63.6,141600000.0,0.784
23086,2023-09-27 09:10:00,62.72,161600000.0,0.792
23086,2023-09-27 10:05:00,64.24,124000000.0,0.704
23086,2023-09-27 11:45:00,67.2,122666666.67,0.56
23087,2023-09-26 09:45:00,18.32,6346666.67,2.248
23087,2023-09-26 13:45:00,19.36,11413333.33,2.312
23087,2023-09-26 17:45:00,21.2,19040000.0,2.064
23087,2023-09-27 07:30:00,29.2,51413333.33,1.816
23087,2023-09-27 11:30:00,36.32,72186666.67,1.688
23087,2023-09-27 15:30:00,48.72,54453333.33,1.448
23087,2023-09-27 19:30:00,50.88,75493333.33,1.248
23087,2023-09-28 08:00:00,65.6,123200000.0,0.688
23087,2023-09-28 09:00:00,69.36,140000000.0,0.544
23087,2023-09-28 10:00:00,70.56,131466666.67,0.432
23087,2023-09-28 12:00:00,73.28,154400000.0,0.352
23088,2023-09-26 09:45:00,18.96,5312000.0,2.088
23088,2023-09-26 13:45:00,19.12,9973333.33,1.944
23088,2023-09-26 17:45:00,20.32,11440000.0,1.864
23088,2023-09-27 07:30:00,36.0,118666666.67,1.872
23088,2023-09-27 11:30:00,42.88,114933333.33,1.592
23088,2023-09-27 15:30:00,45.28,69600000.0,0.448
23088,2023-09-27 19:00:00,53.76,96266666.67,0.536
23088,2023-09-28 08:00:00,72.4,126666666.67,0.688
23088,2023-09-28 09:00:00,74.8,123733333.33,0.52
23088,2023-09-28 10:00:00,76.64,148800000.0,0.456
23088,2023-09-28 11:00:00,77.84,158400000.0,0.408
23088,2023-09-28 13:10:00,76.96,86400000.0,0.312
23089,2023-10-02 08:45:00,18.32,3794666.67,2.064
23089,2023-10-02 12:45:00,18.8,7325333.33,1.872
23089,2023-10-02 16:45:00,20.64,7034666.67,1.888
23089,2023-10-02 20:45:00,22.0,23200000.0,
23089,2023-10-03 07:15:00,29.92,58213333.33,1.808
23089,2023-10-03 11:15:00,35.6,97333333.33,1.8
23089,2023-10-03 15:15:00,43.12,92000000.0,1.456
23089,2023-10-03 19:15:00,48.8,112800000.0,1.312
23089,2023-10-04 06:30:00,58.56,214400000.0,0.808
23089,2023-10-04 08:00:00,63.04,147200000.0,0.672
23089,2023-10-04 11:45:00,64.08,62613333.33,0.552
23090,2023-10-02 08:45:00,17.68,3552000.0,1.832
23090,2023-10-02 12:45:00,17.76,7120000.0,1.992
23090,2023-10-02 16:45:00,18.88,14533333.33,2.04
23090,2023-10-02 20:45:00,20.08,16080000.0,2.008
23090,2023-10-03 07:15:00,26.24,41280000.0,1.848
23090,2023-10-03 11:15:00,30.24,70720000.0,1.888
23090,2023-10-03 15:15:00,36.72,93066666.67,1.76
23090,2023-10-03 19:15:00,44.08,112000000.0,1.616
23090,2023-10-04 06:30:00,60.0,152800000.0,1.08
23090,2023-10-04 08:00:00,61.04,144800000.0,0.976
23090,2023-10-04 09:45:00,60.08,141066666.67,1.008
23090,2023-10-04 11:45:00,63.44,122133333.33,0.744
23091,2023-10-03 08:45:00,14.56,4888000.0,1.464
23091,2023-10-03 12:45:00,15.76,8773333.33,1.208
23091,2023-10-03 16:45:00,16.64,13626666.67,1.416
23091,2023-10-03 20:45:00,18.0,20720000.0,1.288
23091,2023-10-04 07:15:00,26.48,65066666.67,1.2
23091,2023-10-04 11:30:00,36.0,99733333.33,1.008
23091,2023-10-04 15:15:00,44.72,95733333.33,0.92
23091,2023-10-04 19:40:00,51.92,132800000.0,0.672
23091,2023-10-05 06:30:00,68.0,85653333.33,0.0
23091,2023-10-05 07:30:00,65.68,139733333.33,0.0
23091,2023-10-05 08:30:00,65.12,126400000.0,0.0
23092,2023-10-03 08:45:00,18.56,4402666.67,2.368
23092,2023-10-03 12:45:00,19.12,7789333.33,2.288
23092,2023-10-03 16:45:00,21.2,12586666.67,2.464
23092,2023-10-03 20:45:00,22.4,15813333.33,2.232
23092,2023-10-04 07:15:00,31.12,50560000.0,2.088
23092,2023-10-04 11:30:00,37.68,95200000.0,1.968
23092,2023-10-04 15:15:00,47.44,86133333.33,1.592
23092,2023-10-04 19:40:00,54.08,81866666.67,1.512
23092,2023-10-05 06:30:00,69.68,105866666.67,1.032
23092,2023-10-05 07:30:00,70.4,115200000.0,0.936
23092,2023-10-05 08:30:00,72.16,132533333.33,0.936
23092,2023-10-05 09:40:00,74.0,147466666.67,0.912
23092,2023-10-05 10:30:00,74.4,161866666.67,0.824
23092,2023-10-05 12:15:00,75.12,148000000.0,0.728
23093,2023-09-27 15:00:00,21.84,5885333.33,1.72
23093,2023-09-27 19:00:00,21.36,11733333.33,1.856
23093,2023-09-28 08:00:00,25.76,29573333.33,1.992
23093,2023-09-28 12:00:00,29.52,45013333.33,1.624
23093,2023-09-28 16:00:00,33.52,56133333.33,1.544
23093,2023-09-28 20:00:00,40.16,78080000.0,1.52
23093,2023-09-29 08:00:00,64.48,139200000.0,1.088
23093,2023-09-29 10:45:00,71.76,131466666.67,0.824
23093,2023-09-29 12:45:00,73.12,116266666.67,0.728
23093,2023-09-29 13:10:00,71.36,145333333.33,0.672
23093,2023-09-29 15:00:00,74.32,108533333.33,0.464
23094,2023-10-09 14:00:00,18.08,3189333.33,1.68
23094,2023-10-09 18:00:00,18.0,5488000.0,1.784
23094,2023-10-10 07:00:00,19.12,12826666.67,2.12
23094,2023-10-10 11:15:00,20.08,19973333.33,1.752
23094,2023-10-10 15:15:00,22.56,24720000.0,1.736
23094,2023-10-10 19:15:00,24.48,37360000.0,1.768
23094,2023-10-11 09:00:00,38.96,90933333.33,1.456
23094,2023-10-11 11:00:00,41.52,99200000.0,1.384
23094,2023-10-11 12:35:00,42.8,100000000.0,1.464
23094,2023-10-11 15:00:00,46.4,88800000.0,1.352
23095,2023-10-09 14:00:00,13.36,3250666.67,1.616
23095,2023-10-09 18:00:00,13.04,5330666.67,1.912
23095,2023-10-10 07:00:00,14.32,9626666.67,1.896
23095,2023-10-10 11:15:00,15.44,16320000.0,1.744
23095,2023-10-10 15:15:00,18.48,23893333.33,1.648
23095,2023-10-10 19:15:00,21.92,39333333.33,1.704
23095,2023-10-11 09:00:00,40.72,97866666.67,1.472
23095,2023-10-11 11:00:00,44.8,116800000.0,1.416
23095,2023-10-11 12:35:00,44.32,118933333.33,1.376
23095,2023-10-11 15:15:00,50.24,119466666.67,1.24
23096,2023-10-17 10:00:00,15.12,5464000.0,1.904
23096,2023-10-17 14:00:00,15.68,7810666.67,1.904
23096,2023-10-17 18:00:00,16.24,13066666.67,1.888
23096,2023-10-18 06:45:00,24.56,49786666.67,1.8
23096,2023-10-18 11:00:00,31.04,61706666.67,1.792
23096,2023-10-18 15:00:00,37.6,85466666.67,1.624
23096,2023-10-18 19:00:00,46.4,90266666.67,1.536
23096,2023-10-19 07:30:00,63.28,118133333.33,0.624
23096,2023-10-19 08:30:00,63.2,120000000.0,0.736
23096,2023-10-19 09:00:00,63.28,133866666.67,0.656
23096,2023-10-19 10:00:00,62.88,142400000.0,0.704
23096,2023-10-19 11:00:00,64.64,117333333.33,0.608
23097,2023-10-17 10:00:00,18.72,4616000.0,1.92
23097,2023-10-17 14:00:00,18.32,7002666.67,1.704
23097,2023-10-17 18:00:00,19.52,11866666.67,1.928
23097,2023-10-18 06:45:00,29.04,55706666.67,1.696
23097,2023-10-18 11:00:00,36.56,56986666.67,1.728
23097,2023-10-18 15:00:00,45.92,80026666.67,1.568
23097,2023-10-18 19:00:00,52.88,103200000.0,1.32
23097,2023-10-19 07:30:00,66.0,122666666.67,0.504
23097,2023-10-19 08:30:00,67.68,107200000.0,0.536
23097,2023-10-19 09:00:00,68.72,119466666.67,0.528
23097,2023-10-19 11:00:00,70.48,138133333.33,0.456
23098,2023-10-17 10:00:00,16.56,5162666.67,1.856
23098,2023-10-17 14:00:00,16.48,6957333.33,1.896
23098,2023-10-17 18:00:00,18.08,13440000.0,1.904
23098,2023-10-18 06:45:00,24.48,43573333.33,1.84
23098,2023-10-18 11:00:00,35.44,73306666.67,1.72
23098,2023-10-18 15:00:00,45.28,83946666.67,1.608
23098,2023-10-18 19:00:00,53.2,68560000.0,1.36
23098,2023-10-19 07:30:00,78.0,104533333.33,0.552
23098,2023-10-19 08:30:00,80.8,88800000.0,0.52
23098,2023-10-19 09:00:00,81.04,101600000.0,0.52
23098,2023-10-19 11:00:00,83.2,114133333.33,0.408
23099,2023-10-23 10:20:00,21.76,4410666.67,2.056
23099,2023-10-23 14:20:00,23.6,5616000.0,1.784
23099,2023-10-23 18:20:00,23.84,8826666.67,1.76
23099,2023-10-24 06:40:00,35.04,66773333.33,1.632
23099,2023-10-24 10:45:00,42.72,91733333.33,1.6
23099,2023-10-24 14:45:00,49.28,90133333.33,1.536
23099,2023-10-24 18:45:00,57.84,91733333.33,1.328
23099,2023-10-25 07:00:00,75.68,153600000.0,0.792
23099,2023-10-25 08:15:00,74.0,134933333.33,0.688
23099,2023-10-25 09:00:00,73.36,195466666.67,0.64
23099,2023-10-25 10:30:00,77.92,196266666.67,0.496
23099,2023-10-25 12:00:00,78.8,219466666.67,0.424
23100,2023-10-23 10:20:00,22.0,3888000.0,
23100,2023-10-23 14:20:00,22.64,5680000.0,
23100,2023-10-23 18:20:00,24.08,7152000.0,
23100,2023-10-24 06:40:00,32.32,64293333.33,
23100,2023-10-24 10:45:00,37.68,95200000.0,
23100,2023-10-24 14:45:00,43.76,83466666.67,
23100,2023-10-24 18:45:00,49.6,82133333.33,
23100,2023-10-25 07:00:00,69.36,140000000.0,
23100,2023-10-25 08:15:00,68.88,121333333.33,
23100,2023-10-25 09:30:00,74.48,144266666.67,
23100,2023-10-25 11:20:00,70.32,173333333.33,
23101,2023-10-24 07:45:00,17.84,4765333.33,
23101,2023-10-24 11:45:00,18.64,6117333.33,
23101,2023-10-24 15:45:00,19.84,7976000.0,
23101,2023-10-24 19:45:00,20.56,7802666.67,
23101,2023-10-25 06:45:00,28.32,29813333.33,
23101,2023-10-25 10:45:00,34.24,64053333.33,
23101,2023-10-25 14:45:00,40.48,70373333.33,
23101,2023-10-25 20:00:00,48.08,95733333.33,
23101,2023-10-26 06:30:00,69.52,168800000.0,
23101,2023-10-26 08:00:00,68.88,188000000.0,
23101,2023-10-26 10:10:00,71.36,205333333.33,
23102,2023-10-24 07:45:00,19.36,5154666.67,
23102,2023-10-24 11:45:00,20.08,7501333.33,
23102,2023-10-24 15:45:00,19.92,11013333.33,
23102,2023-10-24 19:45:00,22.0,11360000.0,
23102,2023-10-25 06:45:00,31.76,43786666.67,
23102,2023-10-25 10:45:00,37.12,94933333.33,
23102,2023-10-25 14:45:00,46.72,118933333.33,
23102,2023-10-25 18:45:00,54.0,144266666.67,
23102,2023-10-26 06:30:00,78.88,174133333.33,
23102,2023-10-26 07:10:00,80.0,183466666.67,
23102,2023-10-26 09:30:00,79.36,200266666.67,
23103,2023-10-31 10:30:00,17.04,3893333.33,
23103,2023-10-31 14:30:00,17.68,6133333.33,
23103,2023-10-31 18:30:00,18.64,10160000.0,
23103,2023-11-02 07:00:00,75.28,154933333.33,
23103,2023-11-02 09:00:00,76.08,180266666.67,
23103,2023-11-02 11:15:00,81.6,178666666.67,
23104,2023-10-31 10:30:00,16.4,6077333.33,
23104,2023-10-31 14:30:00,16.8,906666.67,
23104,2023-10-31 18:30:00,17.76,15200000.0,
23104,2023-11-02 07:00:00,80.8,159466666.67,
23104,2023-11-02 09:00:00,81.6,180533333.33,
23104,2023-11-02 10:45:00,84.8,147466666.67,
23105,2023-10-31 10:30:00,14.88,3581333.33,
23105,2023-10-31 14:30:00,15.36,6053333.33,
23105,2023-10-31 18:30:00,16.48,10373333.33,
23105,2023-11-02 07:00:00,62.8,141333333.33,
23105,2023-11-02 09:00:00,84.0,172266666.67,
23105,2023-11-02 09:15:00,84.0,157066666.67,
23105,2023-11-02 11:15:00,87.2,184000000.0,
23106,2023-10-25 13:30:00,20.8,816000.0,
23106,2023-10-25 17:30:00,20.08,11386666.67,
23106,2023-10-26 06:15:00,25.68,38986666.67,
23106,2023-10-26 10:15:00,29.68,65813333.33,
23106,2023-10-26 14:15:00,35.92,88800000.0,
23106,2023-10-26 18:15:00,43.68,108266666.67,
23106,2023-10-27 07:30:00,73.36,195466666.67,
23106,2023-10-27 09:00:00,70.24,183733333.33,
23106,2023-10-27 10:45:00,71.84,213333333.33,
23107,2023-10-25 15:00:00,23.2,8394666.67,
23107,2023-10-25 19:00:00,24.0,14346666.67,
23107,2023-10-26 06:15:00,26.88,43200000.0,
23107,2023-10-26 10:15:00,29.28,58986666.67,
23107,2023-10-26 14:15:00,35.44,70986666.67,
23107,2023-10-26 18:15:00,43.52,67706666.67,
23107,2023-10-27 07:30:00,69.28,152000000.0,
23107,2023-10-27 09:00:00,68.56,150666666.67,
23107,2023-10-27 10:30:00,71.04,164533333.33,
23107,2023-10-27 11:20:00,71.28,162933333.33,
23107,2023-10-27 13:30:00,75.36,168533333.33,
23108,2023-11-06 09:30:00,19.44,6005333.33,
23108,2023-11-06 13:30:00,19.84,10053333.33,
23108,2023-11-06 17:30:00,20.64,14800000.0,
23108,2023-11-07 07:00:00,34.56,72560000.0,
23108,2023-11-07 11:00:00,40.48,92266666.67,
23108,2023-11-07 15:00:00,49.04,147466666.67,
23108,2023-11-07 19:00:00,57.36,154933333.33,
23108,2023-11-08 06:30:00,72.88,226933333.33,
23108,2023-11-08 07:30:00,74.96,201333333.33,
23108,2023-11-08 09:00:00,75.6,195733333.33,
23108,2023-11-08 10:45:00,71.92,215466666.67,
23108,2023-11-08 12:40:00,75.52,221866666.67,
23109,2023-11-06 09:30:00,18.48,6613333.33,
23109,2023-11-06 13:30:00,18.88,10933333.33,
23109,2023-11-06 17:30:00,19.92,18240000.0,
23109,2023-11-07 07:00:00,32.08,72720000.0,
23109,2023-11-07 11:00:00,39.44,89333333.33,
23109,2023-11-07 15:00:00,48.4,130400000.0,
23109,2023-11-07 19:00:00,58.0,156000000.0,
23109,2023-11-08 06:30:00,78.24,173866666.67,
23109,2023-11-08 07:30:00,78.48,202133333.33,
23109,2023-11-08 09:50:00,74.96,234133333.33,
23109,2023-11-08 11:20:00,71.68,196266666.67,
23110,2023-11-07 12:00:00,17.68,6040000.0,
23110,2023-11-07 16:00:00,18.0,8088000.0,
23110,2023-11-07 20:00:00,18.72,14320000.0,
23110,2023-11-08 06:45:00,25.68,51280000.0,
23110,2023-11-08 10:45:00,29.68,78480000.0,
23110,2023-11-08 14:45:00,38.96,85066666.67,
23110,2023-11-08 18:45:00,49.68,114666666.67,
23110,2023-11-09 07:00:00,74.32,192533333.33,
23110,2023-11-09 08:00:00,79.44,183466666.67,
23110,2023-11-09 09:10:00,81.6,199200000.0,
23110,2023-11-09 10:00:00,80.08,195200000.0,
23110,2023-11-09 11:15:00,84.0,176800000.0,
23111,2023-11-07 12:00:00,17.6,5621333.33,
23111,2023-11-07 16:00:00,18.4,8160000.0,
23111,2023-11-07 20:00:00,19.04,11386666.67,
23111,2023-11-08 06:45:00,25.04,49440000.0,
23111,2023-11-08 10:45:00,30.24,77520000.0,
23111,2023-11-08 14:45:00,39.04,8986666.67,
23111,2023-11-08 18:45:00,49.12,79973333.33,
23111,2023-11-09 07:00:00,73.36,184266666.67,
23111,2023-11-09 08:00:00,74.64,179466666.67,
23111,2023-11-09 09:10:00,74.24,195200000.0,
23111,2023-11-09 11:15:00,79.36,172000000.0,
23112,2023-11-13 09:30:00,18.0,5885333.33,
23112,2023-11-13 13:30:00,18.0,8178666.67,
23112,2023-11-13 17:30:00,19.2,16160000.0,
23112,2023-11-14 08:00:00,31.6,76754666.67,
23112,2023-11-14 12:00:00,38.72,83866666.67,
23112,2023-11-14 16:00:00,51.76,114666666.67,
23112,2023-11-14 20:00:00,57.68,84933333.33,
23112,2023-11-15 06:45:00,71.68,189333333.33,
23112,2023-11-15 07:45:00,75.76,180266666.67,
23112,2023-11-15 09:45:00,75.92,167466666.67,
23112,2023-11-15 11:15:00,76.16,183733333.33,
23113,2023-11-13 09:30:00,17.6,5920000.0,
23113,2023-11-13 13:30:00,17.6,9093333.33,
23113,2023-11-13 17:30:00,19.28,15893333.33,
23113,2023-11-14 08:00:00,31.92,68453333.33,
23113,2023-11-14 12:00:00,39.6,7408000.0,
23113,2023-11-14 16:00:00,54.64,74666666.67,
23113,2023-11-14 20:00:00,60.24,106933333.33,
23113,2023-11-15 06:45:00,76.08,143466666.67,
23113,2023-11-15 07:45:00,79.2,169600000.0,
23113,2023-11-15 08:45:00,78.4,192000000.0,
23113,2023-11-15 10:35:00,79.76,209866666.67,
23113,2023-11-15 12:30:00,83.2,242933333.33,
23114,2023-11-14 08:00:00,15.28,6701333.33,
23114,2023-11-14 12:00:00,15.68,7994666.67,
23114,2023-11-14 16:00:00,17.2,12266666.67,
23114,2023-11-14 20:00:00,18.32,19226666.67,
23114,2023-11-15 06:45:00,30.24,73040000.0,
23114,2023-11-15 10:45:00,37.44,70480000.0,
23114,2023-11-15 14:45:00,49.68,114933333.33,
23114,2023-11-15 18:45:00,58.16,123200000.0,
23114,2023-11-16 06:30:00,77.76,180266666.67,
23114,2023-11-16 07:30:00,78.56,127200000.0,
23114,2023-11-16 10:00:00,77.84,213866666.67,
23115,2023-11-08 17:35:00,20.56,17760000.0,
23115,2023-11-09 07:00:00,24.88,44186666.67,
23115,2023-11-09 11:00:00,30.08,72666666.67,
23115,2023-11-09 15:00:00,37.52,90133333.33,
23115,2023-11-09 19:00:00,47.12,100800000.0,
23115,2023-11-10 07:00:00,77.12,169066666.67,
23115,2023-11-10 08:10:00,78.96,199200000.0,
23115,2023-11-10 09:30:00,80.0,166933333.33,
23115,2023-11-10 11:15:00,78.56,186400000.0,
23116,2023-11-08 14:45:00,20.16,1146666.67,
23116,2023-11-08 18:45:00,20.32,16720000.0,
23116,2023-11-09 07:00:00,25.76,52853333.33,
23116,2023-11-09 11:00:00,30.48,75173333.33,
23116,2023-11-09 15:00:00,38.72,102666666.67,
23116,2023-11-09 19:00:00,47.12,113600000.0,
23116,2023-11-10 07:00:00,77.04,181600000.0,
23116,2023-11-10 08:10:00,76.64,185866666.67,
23116,2023-11-10 10:30:00,79.44,228800000.0,
P23462,2023-11-14 08:00:00,13.6,9520000.0,
P23462,2023-11-14 12:00:00,14.24,10933333.33,
P23462,2023-11-14 16:00:00,15.76,14666666.67,
P23462,2023-11-14 20:00:00,17.6,22186666.67,
P23462,2023-11-15 06:45:00,31.04,100800000.0,
P23462,2023-11-15 10:45:00,40.24,123733333.33,
P23462,2023-11-15 14:45:00,51.76,195733333.33,
P23462,2023-11-15 18:45:00,60.24,180266666.67,
P23462,2023-11-16 06:30:00,72.96,213600000.0,
P23462,2023-11-16 07:30:00,73.92,201066666.67,
P23462,2023-11-16 09:30:00,72.96,218666666.67,
23117,2023-11-14 08:00:00,17.12,5712000.0,
23117,2023-11-14 12:00:00,17.76,7061333.33,
23117,2023-11-14 16:00:00,21.04,10133333.33,
23117,2023-11-14 20:00:00,20.96,21226666.67,
23117,2023-11-15 06:45:00,35.92,64933333.33,
23117,2023-11-15 10:45:00,46.48,59973333.33,
23117,2023-11-15 14:45:00,58.0,110133333.33,
23117,2023-11-15 18:45:00,73.76,121600000.0,
23117,2023-11-16 06:30:00,89.6,184800000.0,
23117,2023-11-16 07:30:00,90.4,197600000.0,
23117,2023-11-16 09:30:00,88.8,201866666.67,
23122,2023-11-15 13:35:00,19.44,9120000.0,
23122,2023-11-15 17:35:00,19.44,13040000.0,
23122,2023-11-16 06:45:00,25.36,50053333.33,
23122,2023-11-16 10:45:00,30.32,66000000.0,
23122,2023-11-16 14:45:00,41.84,85066666.67,
23122,2023-11-16 18:45:00,50.64,111466666.67,
23122,2023-11-17 06:45:00,78.8,176533333.33,
23122,2023-11-17 07:45:00,81.6,195466666.67,
23122,2023-11-17 08:45:00,82.4,199200000.0,
23122,2023-11-17 10:40:00,82.4,205600000.0,
23123,2023-11-15 14:30:00,17.44,10053333.33,
23123,2023-11-15 18:30:00,17.36,13333333.33,
23123,2023-11-16 06:45:00,23.2,56346666.67,
23123,2023-11-16 10:45:00,28.16,73600000.0,
23123,2023-11-16 14:45:00,41.28,97333333.33,
23123,2023-11-16 18:45:00,51.92,107466666.67,
23123,2023-11-17 06:45:00,80.8,179466666.67,
23123,2023-11-17 07:45:00,82.4,186133333.33,
23123,2023-11-17 08:45:00,81.6,195466666.67,
23123,2023-11-17 10:40:00,82.4,191733333.33,
23118,2023-11-20 08:30:00,16.64,6501333.33,
23118,2023-11-20 12:30:00,16.96,10640000.0,
23118,2023-11-20 16:30:00,18.88,15413333.33,
23118,2023-11-20 20:30:00,18.4,25760000.0,
23118,2023-11-21 08:00:00,36.0,92266666.67,
23118,2023-11-21 12:00:00,45.36,115733333.33,
23118,2023-11-21 16:00:00,55.52,120000000.0,
23118,2023-11-21 20:00:00,66.32,144800000.0,
23118,2023-11-22 06:45:00,74.56,229066666.67,
23118,2023-11-22 07:30:00,76.64,250133333.33,
23118,2023-11-22 08:20:00,75.2,243733333.33,
23118,2023-11-22 10:00:00,76.56,206400000.0,
23118,2023-11-22 12:00:00,75.92,247200000.0,
23119,2023-11-20 08:30:00,19.52,6602666.67,
23119,2023-11-20 12:30:00,20.4,11680000.0,
23119,2023-11-20 16:30:00,21.44,17306666.67,
23119,2023-11-20 20:30:00,22.48,27813333.33,
23119,2023-11-21 08:00:00,37.84,101866666.67,
23119,2023-11-21 12:00:00,44.48,124533333.33,
23119,2023-11-21 16:00:00,53.84,130666666.67,
23119,2023-11-21 20:00:00,61.28,140800000.0,
23119,2023-11-22 06:45:00,73.76,180800000.0,
23119,2023-11-22 07:30:00,73.52,185066666.67,
23119,2023-11-22 10:00:00,75.52,123466666.67,
23119,2023-11-22 11:30:00,74.48,185066666.67,
23120,2023-11-21 08:20:00,19.36,5653333.33,
23120,2023-11-21 12:20:00,19.28,8320000.0,
23120,2023-11-21 16:20:00,20.24,14986666.67,
23120,2023-11-21 20:20:00,21.52,24026666.67,
23120,2023-11-22 07:00:00,33.52,90666666.67,
23120,2023-11-22 11:00:00,41.84,101066666.67,
23120,2023-11-22 15:00:00,51.28,112266666.67,
23120,2023-11-22 19:00:00,61.84,172000000.0,
23120,2023-11-23 06:50:00,85.6,167733333.33,
23121,2023-11-21 08:20:00,12.56,8266666.67,
23121,2023-11-21 12:20:00,13.44,12346666.67,
23121,2023-11-21 16:20:00,13.92,15973333.33,
23121,2023-11-21 20:20:00,15.76,23920000.0,
23121,2023-11-22 07:00:00,28.4,94400000.0,
23121,2023-11-22 11:00:00,36.32,116533333.33,
23121,2023-11-22 15:00:00,47.04,140000000.0,
23121,2023-11-22 19:00:00,58.96,145866666.67,
23121,2023-11-23 06:50:00,83.2,223733333.33,
23129,2023-11-23 07:00:00,30.32,64800000.0,1.136
23129,2023-11-23 11:00:00,37.68,65280000.0,1.16
23129,2023-11-23 15:00:00,44.8,69013333.33,1.104
23129,2023-11-23 19:00:00,55.92,111200000.0,0.92
23129,2023-11-24 06:45:00,74.72,226133333.33,0.288
23129,2023-11-24 07:45:00,75.36,234666666.67,0.256
23129,2023-11-24 10:00:00,75.52,179200000.0,0.184
23130,2023-11-23 07:00:00,30.32,64800000.0,1.136
23130,2023-11-23 11:00:00,34.64,90933333.33,1.56
23130,2023-11-23 15:00:00,47.6,101600000.0,1.616
23130,2023-11-23 19:00:00,51.84,104000000.0,1.384
23130,2023-11-24 06:45:00,72.96,193333333.33,0.784
23130,2023-11-24 07:45:00,73.92,187466666.67,0.76
23130,2023-11-24 08:30:00,74.08,196800000.0,0.696
23130,2023-11-24 10:15:00,75.04,169866666.67,0.592
23124,2023-11-27 08:00:00,17.6,5512000.0,1.664
23124,2023-11-27 12:00:00,17.52,10773333.33,1.856
23124,2023-11-27 16:00:00,18.16,14826666.67,1.872
23124,2023-11-27 20:00:00,19.52,24026666.67,1.832
23124,2023-11-28 07:30:00,29.12,78853333.33,1.664
23124,2023-11-28 11:30:00,36.8,112000000.0,1.528
23124,2023-11-28 15:30:00,46.8,132533333.33,1.408
23124,2023-11-28 19:30:00,54.0,161333333.33,1.176
23124,2023-11-29 06:30:00,69.2,202400000.0,0.744
23124,2023-11-29 07:30:00,70.08,213333333.33,0.688
23124,2023-11-29 08:30:00,73.28,218400000.0,0.616
23124,2023-11-29 10:15:00,74.48,201333333.33,0.536
23125,2023-11-27 08:00:00,19.52,5197333.33,1.792
23125,2023-11-27 12:00:00,19.6,8400000.0,1.8
23125,2023-11-27 16:00:00,20.32,13173333.33,1.784
23125,2023-11-27 20:00:00,21.68,20773333.33,1.976
23125,2023-11-29 07:30:00,30.88,64986666.67,1.616
23125,2023-11-28 11:30:00,38.4,86933333.33,1.528
23125,2023-11-28 15:30:00,48.16,88986666.67,1.392
23125,2023-11-28 19:30:00,57.36,100266666.67,1.296
23125,2023-11-29 06:30:00,72.88,184533333.33,0.784
23125,2023-11-29 07:30:00,73.84,189600000.0,0.712
23125,2023-11-29 08:30:00,73.6,178133333.33,0.616
23125,2023-11-29 10:15:00,77.44,175706666.67,0.56
23126,2023-11-28 07:45:00,15.28,8064000.0,2.032
23126,2023-11-28 11:45:00,16.08,15546666.67,1.944
23126,2023-11-28 15:45:00,17.36,20240000.0,1.76
23126,2023-11-28 19:45:00,18.96,33040000.0,1.424
23126,2023-11-29 07:00:00,39.12,109866666.67,1.648
23126,2023-11-29 11:00:00,49.04,147733333.33,1.68
23126,2023-11-29 15:00:00,62.64,164800000.0,1.352
23126,2023-11-29 19:00:00,72.96,192533333.33,0.304
23126,2023-11-30 06:15:00,82.4,186933333.33,0.296
23126,2023-11-30 07:15:00,79.12,188533333.33,0.264
23126,2023-11-30 09:45:00,79.92,167733333.33,0.2
23127,2023-11-28 07:45:00,14.48,9386666.67,1.864
23127,2023-11-28 11:45:00,15.12,14533333.33,1.856
23127,2023-11-28 15:45:00,16.8,21893333.33,1.832
23127,2023-11-28 19:45:00,18.56,36853333.33,1.96
23127,2023-11-29 07:00:00,,112266666.67,1.704
23127,2023-11-29 11:00:00,42.96,151466666.67,1.64
23127,2023-11-29 15:00:00,52.72,187733333.33,1.544
23127,2023-11-29 19:00:00,64.88,222933333.33,0.24
23127,2023-11-30 06:15:00,78.96,218400000.0,0.536
23127,2023-11-30 07:15:00,78.0,198133333.33,0.44
23127,2023-11-30 10:00:00,77.44,252533333.33,0.336
23131,2023-12-04 08:00:00,18.16,7970666.67,1.704
23131,2023-12-04 12:00:00,18.24,11200000.0,1.944
23131,2023-12-04 16:00:00,20.0,13653333.33,1.864
23131,2023-12-04 20:00:00,21.04,19626666.67,1.608
23131,2023-12-05 07:00:00,29.28,78586666.67,1.56
23131,2023-12-05 11:00:00,35.68,105866666.67,1.616
23131,2023-12-05 15:00:00,41.6,133066666.67,1.424
23131,2023-12-05 19:00:00,55.2,146666666.67,1.288
23131,2023-12-06 06:45:00,73.04,190133333.33,0.784
23131,2023-12-06 07:30:00,73.52,202933333.33,0.736
23131,2023-12-06 09:10:00,76.72,189333333.33,0.664
23132,2023-12-04 08:00:00,17.84,6365333.33,1.632
23132,2023-12-04 12:00:00,18.72,9733333.33,1.576
23132,2023-12-04 16:00:00,19.44,14693333.33,1.576
23132,2023-12-04 20:00:00,21.52,21680000.0,1.704
23132,2023-12-05 07:00:00,33.92,87466666.67,1.448
23132,2023-12-05 11:00:00,43.2,102933333.33,1.504
23132,2023-12-05 15:00:00,53.68,131466666.67,1.224
23132,2023-12-05 19:00:00,61.6,144800000.0,1.144
23132,2023-12-06 06:45:00,80.8,202133333.33,0.48
23132,2023-12-06 07:30:00,82.4,207200000.0,0.432
23132,2023-12-06 09:10:00,86.4,200000000.0,0.368
23133,2023-12-04 08:00:00,15.76,6168000.0,1.856
23133,2023-12-04 12:00:00,16.16,9146666.67,1.624
23133,2023-12-04 16:00:00,17.12,15066666.67,1.744
23133,2023-12-04 20:00:00,18.56,21280000.0,1.696
23133,2023-12-05 07:00:00,30.32,96533333.33,1.496
23133,2023-12-05 11:00:00,39.04,120000000.0,1.456
23133,2023-12-05 15:00:00,48.0,120533333.33,1.44
23133,2023-12-05 19:00:00,56.96,165066666.67,1.416
23133,2023-12-06 06:45:00,79.92,185866666.67,0.632
23133,2023-12-06 07:30:00,79.84,209866666.67,0.552
23133,2023-12-06 09:10:00,79.28,208533333.33,0.52
23134,2023-11-29 14:00:00,19.04,12213333.33,1.712
23134,2023-11-29 18:00:00,19.28,17706666.67,1.376
23134,2023-11-30 07:00:00,25.44,60080000.0,1.64
23134,2023-11-30 11:15:00,31.76,64800000.0,1.576
23134,2023-11-30 15:15:00,40.48,72880000.0,1.528
23134,2023-11-30 05:15:00,50.88,124000000.0,1.296
23134,2023-12-01 06:30:00,73.36,194133333.33,0.72
23134,2023-12-01 07:30:00,76.0,169333333.33,0.648
23134,2023-12-01 08:00:00,73.04,193600000.0,0.592
23134,2023-12-01 09:15:00,78.08,174666666.67,0.552
23134,2023-12-01 11:15:00,77.92,193066666.67,0.392
23135,2023-11-29 15:00:00,19.92,7501333.33,1.808
23135,2023-11-29 19:00:00,20.32,12933333.33,1.856
23135,2023-11-30 07:00:00,24.56,40960000.0,1.688
23135,2023-11-30 11:15:00,29.36,85066666.67,1.64
23135,2023-11-30 15:15:00,36.88,83840000.0,1.544
23135,2023-11-30 19:15:00,46.56,110400000.0,1.464
23135,2023-12-01 06:30:00,73.6,176800000.0,0.808
23135,2023-12-01 07:30:00,75.52,156000000.0,0.816
23135,2023-12-01 08:00:00,76.72,174933333.33,0.8
23135,2023-12-01 09:15:00,77.84,164000000.0,0.728
23135,2023-12-01 11:15:00,80.8,175200000.0,0.552
23136,2023-12-18 09:00:00,16.48,6434666.67,1.8
23136,2023-12-18 13:00:00,16.56,10373333.33,1.664
23136,2023-12-18 17:00:00,17.76,20560000.0,1.848
23136,2023-12-18 21:00:00,18.72,28213333.33,1.648
23136,2023-12-19 07:00:00,29.44,81306666.67,1.6
23136,2023-12-19 11:00:00,36.96,106400000.0,1.448
23136,2023-12-19 15:00:00,40.16,116266666.67,1.32
23136,2023-12-19 19:00:00,51.76,122400000.0,1.088
23136,2023-12-20 06:45:00,70.4,204000000.0,0.704
23136,2023-12-20 07:45:00,71.2,172800000.0,0.544
23136,2023-12-20 10:00:00,71.12,210400000.0,0.552
23137,2023-12-18 14:15:00,16.16,11173333.33,1.544
23137,2023-12-18 18:15:00,16.16,17466666.67,1.464
23137,2023-12-19 07:00:00,20.64,37973333.33,1.656
23137,2023-12-19 11:00:00,25.04,53813333.33,1.672
23137,2023-12-19 15:00:00,31.76,105066666.67,1.384
23137,2023-12-19 19:00:00,36.24,161866666.67,1.312
23137,2023-12-20 06:45:00,54.0,219200000.0,0.936
23137,2023-12-20 07:45:00,56.16,241066666.67,0.912
23137,2023-12-20 09:00:00,56.96,279466666.67,0.856
23137,2023-12-20 10:00:00,56.96,280266666.67,0.848
23137,2023-12-20 11:35:00,57.76,280000000.0,0.768
23138,2023-12-19 13:30:00,16.16,3536000.0,1.608
23138,2023-12-19 17:30:00,16.48,5658666.67,1.528
23138,2023-12-20 07:00:00,20.96,26720000.0,1.784
23138,2023-12-20 11:00:00,23.92,46666666.67,1.76
23138,2023-12-20 15:00:00,29.2,66026666.67,1.576
23138,2023-12-20 19:00:00,36.56,96266666.67,1.632
23138,2023-12-21 07:00:00,65.84,150933333.33,0.944
23138,2023-12-21 08:00:00,71.36,151733333.33,0.944
23138,2023-12-21 09:00:00,68.64,162933333.33,0.928
23138,2023-12-21 10:00:00,69.04,185333333.33,0.872
23138,2023-12-21 11:30:00,71.68,168533333.33,0.696
23139,2023-12-19 13:30:00,15.92,3576000.0,1.832
23139,2023-12-19 17:30:00,16.16,5736000.0,1.536
23139,2023-12-20 07:00:00,21.36,33493333.33,1.872
23139,2023-12-20 11:00:00,24.64,44906666.67,1.8
23139,2023-12-20 15:00:00,30.96,67093333.33,1.904
23139,2023-12-20 19:00:00,39.6,90133333.33,1.6
23139,2023-12-21 07:00:00,70.64,151733333.33,0.904
23139,2023-12-21 08:00:00,67.68,161866666.67,0.968
23139,2023-12-21 09:00:00,74.08,163200000.0,0.848
23139,2023-12-21 11:00:00,75.92,172800000.0,0.728
24002,2024-01-17 09:40:00,16.48,4008000.0,1.832
24002,2024-01-17 14:00:00,16.64,8186666.67,1.816
24002,2024-01-17 18:00:00,17.52,11680000.0,1.688
24002,2024-01-18 07:00:00,23.84,52053333.33,1.688
24002,2024-01-18 11:00:00,29.44,64880000.0,1.84
24002,2024-01-18 16:00:00,37.84,110133333.33,1.616
24002,2024-01-18 20:00:00,46.64,146666666.67,1.376
24002,2024-01-19 06:45:00,68.24,177066666.67,0.856
24002,2024-01-19 07:45:00,70.32,157600000.0,0.776
24002,2024-01-19 08:00:00,70.64,203466666.67,0.8
24002,2024-01-19 10:00:00,71.84,195466666.67,0.768
24003,2024-01-17 09:40:00,15.52,3976000.0,1.76
24003,2024-01-17 14:00:00,15.44,7949333.33,1.84
24003,2024-01-17 18:00:00,16.32,12080000.0,1.816
24003,2024-01-18 07:00:00,22.32,42133333.33,1.712
24003,2024-01-18 11:00:00,27.52,54240000.0,1.688
24003,2024-01-18 16:00:00,38.96,64746666.67,1.504
24003,2024-01-18 20:00:00,46.24,125066666.67,1.424
24003,2024-01-19 06:45:00,72.8,186400000.0,0.88
24003,2024-01-19 07:45:00,74.4,185866666.67,0.776
24003,2024-01-19 10:00:00,77.2,209333333.33,0.632
24005,2024-01-20 08:50:00,16.64,4608000.0,1.672
24005,2024-01-22 06:30:00,84.0,201333333.33,0.432
24005,2024-01-22 09:00:00,87.2,193600000.0,0.304
24004,2024-01-16 12:00:00,18.32,3773333.33,2.12
24004,2024-01-16 16:00:00,18.4,5602666.67,2.128
24004,2024-01-16 20:30:00,19.2,8064000.0,2.264
24004,2024-01-17 07:00:00,24.4,31306666.67,2.072
24004,2024-01-17 11:00:00,30.4,45226666.67,2.376
24004,2024-01-17 15:00:00,35.2,73173333.33,1.912
24004,2024-01-17 19:00:00,43.12,96266666.67,1.688
24004,2024-01-18 06:45:00,68.4,160000000.0,1.408
24004,2024-01-18 07:45:00,69.04,170666666.67,1.352
24004,2024-01-18 08:45:00,70.16,168800000.0,1.376
24004,2024-01-18 11:00:00,76.88,153066666.67,0.968
24007,2024-01-20 08:50:00,16.08,3637333.33,1.712
24007,2024-01-22 06:30:00,85.6,159200000.0,0.368
24007,2024-01-22 09:30:00,88.8,181066666.67,0.264
24008,2024-01-20 08:50:00,17.12,3514666.67,2.032
24008,2024-01-22 06:30:00,84.0,172533333.33,0.704
24008,2024-01-22 09:00:00,84.8,172000000.0,0.64
24009,2024-01-23 08:00:00,15.12,5133333.33,1.632
24009,2024-01-23 12:00:00,15.52,7765333.33,1.76
24009,2024-01-23 16:00:00,16.8,46773333.33,1.8
24009,2024-01-23 20:00:00,18.64,19546666.67,1.656
24009,2024-01-24 07:30:00,27.92,59120000.0,1.512
24009,2024-01-24 11:30:00,35.2,83466666.67,1.72
24009,2024-01-24 15:30:00,42.72,114666666.67,1.496
24009,2024-01-24 19:30:00,54.08,135200000.0,0.952
24009,2024-01-25 06:45:00,74.0,152800000.0,0.736
24009,2024-01-25 07:45:00,74.16,170133333.33,0.648
24009,2024-01-25 10:15:00,75.84,155200000.0,0.504
24012,2024-01-23 08:00:00,17.52,4010666.67,1.76
24012,2024-01-23 12:00:00,17.76,7173333.33,1.72
24012,2024-01-23 16:00:00,18.4,10960000.0,1.624
24012,2024-01-23 20:00:00,20.48,20000000.0,1.792
24012,2024-01-24 07:30:00,32.88,66746666.67,1.752
24012,2024-01-24 11:30:00,43.28,88266666.67,1.608
24012,2024-01-24 15:30:00,51.52,97600000.0,1.096
24012,2024-01-24 19:30:00,63.2,135733333.33,0.96
24012,2024-01-25 06:45:00,88.0,159733333.33,0.408
24012,2024-01-25 07:45:00,87.2,181066666.67,0.352
24012,2024-01-25 10:15:00,88.0,129600000.0,0.248
24016,2024-01-22 13:10:00,21.44,8773333.33,1.792
24016,2024-01-22 17:10:00,20.64,10346666.67,1.792
24016,2024-01-22 21:10:00,22.8,6356000.0,1.648
24016,2024-01-23 08:00:00,30.88,26000000.0,1.648
24016,2024-01-23 12:00:00,37.2,49333333.33,1.552
24016,2024-01-23 16:00:00,48.4,13160000.0,1.088
24016,2024-01-23 20:00:00,59.28,84960000.0,1.296
24016,2024-01-24 06:15:00,83.2,149600000.0,0.664
24016,2024-01-24 07:20:00,87.2,157066666.67,0.624
24016,2024-01-24 08:30:00,88.8,152800000.0,0.584
24016,2024-01-24 09:30:00,89.6,157600000.0,0.512
24016,2024-01-24 11:15:00,93.6,211200000.0,0.44
24017,2024-01-22 12:20:00,19.84,13093333.33,1.76
24017,2024-01-22 17:10:00,18.88,13946666.67,1.904
24017,2024-01-22 21:10:00,20.56,10560000.0,1.36
24017,2024-01-23 08:00:00,28.64,39013333.33,1.72
24017,2024-01-23 12:00:00,34.56,50853333.33,1.576
24017,2024-01-23 16:00:00,45.92,81840000.0,1.488
24017,2024-01-23 20:00:00,56.48,82106666.67,1.376
24017,2024-01-24 06:15:00,82.4,172533333.33,0.76
24017,2024-01-24 07:20:00,83.2,160000000.0,0.712
24017,2024-01-24 10:10:00,84.8,169866666.67,0.504
24011,2024-01-22 09:25:00,18.32,26453333.33,1.536
24011,2024-01-22 13:25:00,18.56,20160000.0,1.648
24011,2024-01-22 17:25:00,18.88,20426666.67,1.608
24011,2024-01-22 21:25:00,21.84,21706666.67,1.568
24011,2024-01-23 06:25:00,34.4,60346666.67,1.56
24011,2024-01-23 10:25:00,40.48,84426666.67,1.56
24011,2024-01-23 14:25:00,50.16,113600000.0,1.376
24011,2024-01-23 18:25:00,62.96,132800000.0,1.224
24011,2024-01-24 06:15:00,75.12,155466666.67,0.688
24011,2024-01-24 07:20:00,72.48,160800000.0,0.608
24011,2024-01-24 10:10:00,74.08,176533333.33,0.432
24010,2024-01-27 08:15:00,19.52,2594666.67,1.584
24010,2024-01-29 06:45:00,87.2,135200000.0,0.672
24010,2024-01-29 07:15:00,86.4,156533333.33,0.624
24010,2024-01-29 08:00:00,84.0,149066666.67,0.64
24020,2024-01-27 08:20:00,18.0,2296000.0,1.616
24020,2024-01-29 06:45:00,88.0,210666666.67,0.328
24020,2024-01-29 07:15:00,87.2,149600000.0,0.304
24020,2024-01-29 08:00:00,84.8,139200000.0,0.288
24022,2024-01-29 15:15:00,18.8,8453333.33,1.672
24022,2024-01-30 20:00:00,54.96,81600000.0,1.384
24022,2024-01-31 06:45:00,81.6,152266666.67,0.704
24022,2024-01-31 07:30:00,84.0,156000000.0,0.608
24023,2024-01-29 13:20:00,18.32,11786666.67,1.648
24023,2024-01-30 20:00:00,59.84,105866666.67,1.336
24023,2024-01-31 06:45:00,86.4,158933333.33,0.52
24023,2024-01-31 07:30:00,84.0,159466666.67,0.416
P24053,2024-01-31 12:45:00,20.96,7616000.0,0.968
P24053,2024-01-31 16:45:00,21.2,14106666.67,1.024
P24053,2024-01-31 20:45:00,22.16,16746666.67,1.056
P24053,2024-02-01 07:10:00,31.84,43093333.33,0.992
P24053,2024-02-01 11:10:00,42.64,54480000.0,0.808
P24053,2024-02-01 15:10:00,47.44,70293333.33,0.632
P24053,2024-02-01 19:10:00,58.48,94133333.33,0.504
P24053,2024-02-02 06:45:00,88.8,27733333.33,0.0
P24053,2024-02-02 08:00:00,84.8,29253333.33,0.0
P24053,2024-02-02 09:00:00,110.4,71893333.33,0.496
P24053,2024-02-02 09:20:00,67.12,92533333.33,0.4
P24053,2024-02-02 10:00:00,63.52,121866666.67,0.472
24019,2024-02-03 07:45:00,16.64,1676000.0,1.544
24019,2024-02-05 06:45:00,74.0,161866666.67,0.792
24019,2024-02-05 07:45:00,75.04,182133333.33,0.776
24021,2024-02-03 07:45:00,15.6,1357333.33,1.472
24021,2024-02-05 06:45:00,72.08,147733333.33,0.744
24021,2024-02-05 07:45:00,70.72,162933333.33,0.712
24021,2024-02-05 08:40:00,71.6,163733333.33,0.64
24015,2024-02-07 11:30:00,20.8,15786666.67,1.768
24015,2024-02-07 15:30:00,20.88,12480000.0,1.464
24015,2024-02-07 19:30:00,22.16,23066666.67,1.84
24015,2024-02-08 07:30:00,32.4,47333333.33,1.952
24015,2024-02-08 11:30:00,41.28,70800000.0,1.656
24015,2024-02-08 15:30:00,48.56,102073688.8,1.568
24015,2024-02-08 19:30:00,56.96,114400000.0,1.192
24015,2024-02-09 06:45:00,73.04,161333333.33,1.432
24015,2024-02-09 07:45:00,73.84,161066666.67,1.176
24015,2024-02-09 08:45:00,73.76,163733333.33,1.128
24025,2024-02-05 14:00:00,20.24,7789333.33,1.664
24025,2024-02-07 06:45:00,84.0,132533333.33,0.744
24025,2024-02-07 07:45:00,78.8,124533333.33,0.672
24025,2024-02-07 08:30:00,79.28,153066666.67,0.68
24025,2024-02-07 09:30:00,80.8,150133333.33,0.544
24026,2024-02-05 14:00:00,19.52,9520000.0,1.624
24026,2024-02-07 06:45:00,76.8,109866666.67,0.912
24026,2024-02-07 07:45:00,73.6,104800000.0,0.856
24026,2024-02-07 08:30:00,73.12,124533333.33,0.872
24026,2024-02-07 09:30:00,76.88,130666666.67,0.88
24014,2024-02-10 08:00:00,14.56,861333.33,1.736
24014,2024-02-12 06:45:00,65.68,138666666.67,0.776
24014,2024-02-12 08:00:00,65.92,144800000.0,0.952
24014,2024-02-12 09:00:00,70.08,153066666.67,0.936
24014,2024-02-12 10:00:00,70.0,153600000.0,0.856
24027,2024-02-10 08:00:00,18.72,872000.0,1.472
24027,2024-02-12 06:45:00,69.68,132800000.0,0.912
24027,2024-02-12 08:00:00,69.36,140800000.0,0.944
24027,2024-02-12 09:00:00,72.08,148000000.0,0.816
24027,2024-02-12 10:00:00,72.8,145866666.67,0.816
24027,2024-02-12 10:40:00,72.88,157066666.67,0.72
24028,2024-02-12 16:45:00,19.68,8560000.0,1.736
24028,2024-02-13 19:00:00,48.48,54880000.0,1.464
24028,2024-02-14 06:45:00,76.4,125066666.67,0.856
24028,2024-02-14 07:45:00,78.4,127733333.33,0.92
24028,2024-02-14 09:20:00,80.0,147733333.33,0.736
24028,2024-02-14 10:15:00,84.8,138133333.33,0.592
24028,2024-02-14 11:15:00,80.8,163733333.33,0.584
24029,2024-02-12 15:35:00,18.64,10800000.0,1.632
24029,2024-02-13 19:00:00,45.12,64693333.33,1.504
24029,2024-02-14 06:45:00,71.6,134400000.0,0.848
24029,2024-02-14 07:45:00,72.96,136000000.0,0.856
24029,2024-02-14 09:20:00,76.56,160266666.67,0.856
24029,2024-02-14 10:15:00,77.84,172800000.0,0.744
24034,2024-02-14 16:45:00,19.6,12666666.67,1.68
24034,2024-02-14 20:45:00,18.88,12480000.0,1.856
24034,2024-02-15 06:45:00,23.52,33200000.0,1.768
24034,2024-02-15 10:45:00,28.48,49520000.0,1.752
24034,2024-02-15 14:45:00,35.44,67440000.0,1.76
24034,2024-02-15 18:45:00,45.44,100000000.0,1.568
24034,2024-02-16 07:45:00,80.8,162933333.33,0.696
24034,2024-02-16 08:20:00,80.0,165066666.67,0.632
24034,2024-02-16 09:20:00,85.6,167303022.93,0.576
24034,2024-02-16 10:30:00,86.4,153938501.33,0.488
24034,2024-02-16 12:40:00,92.0,178133333.33,0.28
24031,2024-02-17 08:40:00,14.8,2464000.0,2.064
24031,2024-02-19 06:45:00,80.8,154666666.67,0.312
24031,2024-02-19 07:15:00,87.2,195200000.0,0.264
24031,2024-02-19 08:10:00,78.88,196266666.67,0.536
24037,2024-02-19 13:30:00,17.92,8330666.67,1.832
24037,2024-02-20 19:00:00,59.2,113866666.67,1.168
24037,2024-02-21 06:45:00,90.4,183200000.0,0.456
24037,2024-02-21 08:45:00,92.8,191200000.0,0.352
24038,2024-02-21 12:45:00,19.6,8112000.0,1.832
24038,2024-02-21 16:45:00,19.68,14906666.67,1.72
24038,2024-02-21 20:45:00,20.96,19173333.33,1.696
24038,2024-02-22 06:45:00,28.16,44560000.0,1.84
24038,2024-02-22 10:45:00,36.4,68853333.33,1.672
24038,2024-02-22 14:45:00,50.32,100800000.0,1.448
24038,2024-02-22 18:45:00,59.92,149333333.33,1.128
24038,2024-02-23 06:45:00,84.0,197066666.67,0.464
24038,2024-02-23 07:45:00,85.6,212000000.0,0.376
24038,2024-02-23 09:15:00,84.0,216800000.0,0.312
24035,2024-03-02 08:20:00,16.72,3938666.67,1.976
24035,2024-03-04 06:45:00,58.96,160266666.67,1.136
24035,2024-03-04 07:45:00,59.84,168533333.33,1.136
24035,2024-03-04 08:45:00,61.44,146400000.0,1.064
24036,2024-03-02 08:20:00,14.4,5402666.67,1.76
24036,2024-03-04 06:45:00,58.16,172266666.67,1.096
24036,2024-03-04 07:45:00,59.04,173333333.33,1.16
24036,2024-03-04 08:45:00,61.2,148800000.0,1.088
24039,2024-07-05 19:30:00,42.56,43280000.0,1.424
24039,2024-03-06 06:15:00,64.48,127733333.33,0.968
24039,2024-03-06 07:45:00,68.16,124800000.0,1.088
24039,2024-03-06 08:45:00,69.84,134400000.0,0.88
24039,2024-03-06 09:45:00,70.64,145066666.67,0.968
24039,2024-03-06 10:45:00,72.16,146933333.33,0.824
24039,2024-03-06 11:45:00,75.68,94133333.33,0.728
24040,2024-03-05 19:30:00,44.4,41573333.33,1.352
24040,2024-03-06 04:15:00,60.08,146666666.67,1.296
24040,2024-03-06 06:15:00,63.04,118933333.33,1.16
24040,2024-03-06 07:45:00,66.48,114666666.67,1.144
24040,2024-03-06 08:45:00,67.84,124000000.0,1.088
24040,2024-03-06 09:45:00,70.0,138400000.0,1.032
24040,2024-03-06 10:45:00,71.52,143733333.33,0.888
24040,2024-03-06 11:45:00,74.24,94933333.33,0.808
24041,2024-03-09 09:20:00,18.64,6744000.0,1.984
24041,2024-03-11 07:30:00,75.84,149600000.0,0.744
24041,2024-03-11 08:30:00,77.6,73146666.67,0.648
24041,2024-03-11 08:40:00,,144533333.33,
24042,2024-03-09 09:00:00,19.04,7496000.0,1.84
24042,2024-03-11 07:30:00,68.72,156800000.0,1.008
24042,2024-03-11 08:30:00,68.4,157600000.0,0.968
24043,2024-03-12 08:20:00,19.44,4642666.67,1.728
24043,2024-03-13 20:00:00,49.44,115200000.0,1.592
24043,2024-03-14 06:50:00,68.96,159733333.33,0.856
24043,2024-03-14 07:50:00,69.76,122400000.0,0.888
24043,2024-03-14 09:20:00,69.68,132533333.33,
24045,2024-03-12 08:20:00,17.52,5053333.33,1.68
24045,2024-03-13 20:00:00,49.44,113866666.67,1.464
24045,2024-03-14 06:50:00,69.52,214133333.33,0.768
24045,2024-03-14 07:50:00,71.68,216800000.0,0.856
24045,2024-03-14 08:50:00,73.12,137066666.67,0.912
24045,2024-03-14 09:40:00,72.48,139466666.67,
24046,2024-03-11 15:00:00,19.92,8586666.67,1.76
24046,2024-03-12 19:15:00,55.28,88800000.0,1.424
24046,2024-03-13 07:00:00,82.4,163200000.0,0.728
24046,2024-03-13 09:00:00,87.2,134400000.0,0.44
24046,2024-03-13 09:25:00,,168000000.0,
24046,2024-03-13 10:30:00,88.0,156800000.0,0.392
24048,2024-03-11 15:00:00,21.44,6800000.0,1.696
24048,2024-03-12 19:15:00,46.8,67066666.67,1.616
24048,2024-03-13 07:00:00,76.32,121333333.33,0.968
24048,2024-03-13 09:00:00,78.96,98133333.33,0.76
24048,2024-03-13 09:25:00,,146933333.33,
24048,2024-03-13 10:30:00,81.6,131466666.67,0.72
24044,2024-03-16 09:30:00,19.28,5098666.67,1.792
24044,2024-03-18 06:45:00,75.92,172533333.33,0.76
24044,2024-03-18 07:45:00,77.52,161066666.67,0.672
24049,2024-03-16 09:30:00,18.88,5648000.0,1.704
24049,2024-03-18 06:45:00,69.2,166133333.33,0.856
24049,2024-03-18 07:45:00,72.64,164533333.33,0.808
24047,2024-03-18 13:05:00,18.24,9253333.33,1.76
24047,2024-03-19 19:30:00,54.64,110666666.67,1.216
24047,2024-03-20 06:45:00,86.4,222933333.33,0.632
24050,2024-03-23 09:00:00,17.76,5562666.67,1.88
24050,2024-03-25 06:40:00,67.2,173333333.33,1.016
24050,2024-03-25 07:40:00,67.6,152000000.0,0.928
24050,2024-03-25 08:05:00,,153066666.67,
24051,2024-03-23 09:00:00,17.76,5160000.0,1.512
24051,2024-03-25 06:40:00,78.64,185066666.67,0.792
24051,2024-03-25 07:40:00,80.8,161066666.67,0.72
24051,2024-03-25 08:05:00,,158133333.33,
24052,2024-03-25 15:10:00,17.28,8506666.67,1.88
24052,2024-03-26 19:10:00,39.92,65786666.67,1.536
24052,2024-03-27 07:00:00,68.64,138933333.33,1.152
24052,2024-03-27 08:00:00,71.76,112000000.0,0.984
24052,2024-03-27 08:30:00,69.04,147733333.33,1.144
24053,2024-03-25 15:30:00,16.72,13920000.0,1.616
24053,2024-03-26 19:10:00,49.6,134933333.33,1.264
24053,2024-03-27 07:00:00,80.0,185866666.67,0.712
24053,2024-03-27 08:00:00,79.36,147733333.33,0.56
24054,2024-04-16 08:15:00,15.44,5997333.33,1.872
24054,2024-04-17 19:10:00,61.28,115200000.0,1.296
24054,2024-04-18 06:45:00,85.6,184800000.0,0.48
24055,2024-04-13 08:30:00,14.32,8421333.33,1.76
24055,2024-04-15 06:45:00,72.72,173866666.67,0.784
24055,2024-04-15 07:45:00,73.68,175466666.67,0.744
24056,2024-04-13 08:30:00,14.56,7384000.0,1.88
24056,2024-04-15 06:45:00,79.92,181600000.0,0.664
24056,2024-04-15 07:45:00,82.4,167733333.33,0.56
24057,2024-04-16 08:15:00,17.76,6706666.67,1.888
24057,2024-04-17 19:10:00,60.96,100266666.67,1.216
24057,2024-04-18 06:45:00,78.96,180800000.0,0.712
24058,2024-04-15 14:30:00,18.0,12640000.0,1.64
24058,2024-04-16 19:00:00,55.84,86133333.33,1.12
24058,2024-04-17 06:45:00,80.8,159200000.0,0.752
24058,2024-04-17 07:45:00,82.4,144533333.33,0.672
24059,2024-04-15 14:30:00,18.08,12797333.33,1.472
24059,2024-04-16 19:00:00,58.24,94666666.67,1.312
24059,2024-04-17 06:45:00,77.28,178666666.67,0.848
24059,2024-04-17 07:45:00,78.4,166666666.67,0.776
24062,2024-04-17 15:10:00,18.88,12586666.67,1.72
24062,2024-04-17 19:10:00,19.28,17093333.33,1.616
24062,2024-04-18 07:10:00,25.52,53626666.67,1.76
24062,2024-04-18 11:10:00,31.68,69893333.33,1.704
24062,2024-04-18 15:10:00,41.76,77706666.67,0.84
24062,2024-04-18 19:10:00,51.36,90933333.33,1.368
24062,2024-04-19 06:45:00,80.8,164266666.67,0.8
24062,2024-04-19 07:45:00,80.0,165066666.67,0.72
24062,2024-04-19 09:30:00,84.0,158666666.67,0.536
24060,2024-04-20 08:30:00,25.92,8037333.33,1.688
24060,2024-04-22 06:45:00,75.04,176800000.0,0.808
24060,2024-04-22 07:45:00,76.24,132800000.0,0.336
24060,2024-04-22 08:00:00,,179466666.67,0.64
24060,2024-04-22 08:45:00,76.32,161333333.33,0.648
24061,2024-04-20 08:30:00,28.56,5602666.67,1.696
24061,2024-04-22 06:45:00,66.72,176266666.67,1.04
24061,2024-04-22 07:45:00,68.48,110933333.33,0.744
24061,2024-04-22 08:00:00,,169066666.67,
24061,2024-04-22 08:45:00,68.96,149066666.67,0.912
24063,2024-04-23 10:45:00,15.52,3032000.0,1.808
24063,2024-04-24 19:00:00,36.72,79146666.67,1.72
24063,2024-04-25 06:40:00,61.92,145866666.67,1.104
24063,2024-04-25 09:15:00,68.56,160000000.0,1.0
24063,2024-04-25 10:45:00,68.72,180800000.0,1.0
24064,2024-04-23 10:45:00,18.56,3176000.0,1.888
24064,2024-04-24 19:00:00,36.56,80186666.67,1.888
24064,2024-04-25 06:40:00,57.12,148000000.0,1.352
24064,2024-04-25 09:15:00,60.64,151466666.67,1.128
24064,2024-04-25 10:45:00,63.76,174666666.67,1.272
24065,2024-04-22 14:20:00,18.48,8168000.0,1.84
24065,2024-04-23 19:00:00,49.6,81333333.33,2.824
24065,2024-04-24 06:45:00,76.64,202400000.0,0.856
24065,2024-04-24 07:45:00,79.84,223200000.0,0.76
24065,2024-04-24 08:45:00,77.6,209600000.0,0.768
24066,2024-04-22 17:35:00,19.6,15386666.67,3.016
24066,2024-04-23 19:00:00,45.52,80933333.33,1.4
24066,2024-04-24 06:45:00,75.92,106933333.33,2.392
24066,2024-04-24 07:45:00,76.64,127466666.67,2.376
24066,2024-04-24 08:45:00,77.44,118666666.67,2.328
24069,2024-04-24 16:45:00,19.92,14160000.0,3.056
24069,2024-04-25 08:30:00,26.64,42293333.33,
24069,2024-04-25 12:30:00,29.76,54560000.0,3.232
24069,2024-04-25 16:30:00,34.56,65813333.33,3.296
24069,2024-04-25 20:30:00,40.4,75146666.67,3.264
24069,2024-04-26 06:30:00,61.2,133066666.67,2.68
24069,2024-04-26 09:00:00,63.52,152533333.33,2.88
24069,2024-04-26 10:30:00,64.4,159733333.33,2.472
24068,2024-04-24 21:00:00,21.2,19520000.0,0.256
24068,2024-04-25 08:30:00,28.72,58133333.33,
24068,2024-04-25 12:30:00,36.96,82080000.0,0.224
24068,2024-04-25 16:30:00,47.28,109066666.67,0.24
24068,2024-04-25 20:30:00,59.28,140533333.33,0.592
24068,2024-04-26 05:30:00,84.0,181066666.67,
24068,2024-04-26 07:00:00,80.0,173866666.67,
24067,2024-04-27 10:45:00,16.96,7784000.0,1.912
24067,2024-04-29 07:20:00,74.56,170400000.0,0.888
24067,2024-04-29 08:10:00,76.88,177333333.33,0.912
24070,2024-04-27 10:45:00,16.4,6434666.67,
24070,2024-04-29 07:20:00,82.4,173333333.33,0.808
24070,2024-04-29 08:10:00,81.6,168266666.67,0.752
24071,2024-04-30 10:00:00,16.16,5104000.0,1.992
24071,2024-05-02 06:45:00,85.6,200000000.0,0.672
24071,2024-05-02 07:15:00,84.8,195200000.0,0.68
24072,2024-05-14 09:00:00,18.48,7288000.0,1.992
24072,2024-05-15 20:00:00,60.32,157600000.0,1.344
24072,2024-05-16 06:45:00,78.4,191466666.67,0.816
24073,2024-05-14 09:00:00,18.72,6885333.33,2.12
24073,2024-05-15 20:00:00,50.56,163200000.0,1.384
24073,2024-05-16 06:45:00,68.32,194666666.67,0.968
24073,2024-05-16 07:45:00,71.36,197333333.33,0.952
24075,2024-05-14 09:00:00,17.12,6890666.67,1.856
24075,2024-05-15 20:00:00,55.68,161333333.33,1.36
24075,2024-05-16 06:45:00,75.52,179466666.67,0.76
24074,2024-05-18 08:35:00,15.28,7234666.67,1.792
24074,2024-05-20 06:30:00,80.8,180533333.33,0.792
24074,2024-05-20 08:00:00,76.16,163466666.67,0.672
24076,2024-05-18 08:35:00,16.24,7373333.33,1.624
24076,2024-05-20 06:30:00,75.6,175200000.0,0.744
24076,2024-05-20 08:00:00,81.6,204533333.33,0.712
24077,2024-05-21 08:00:00,18.0,6733333.33,1.928
24077,2024-05-22 19:30:00,71.6,182400000.0,1.088
24077,2024-05-23 06:30:00,86.4,182400000.0,0.472
24077,2024-05-23 07:30:00,85.6,172533333.33,0.376
24078,2024-05-21 08:00:00,17.68,7405333.33,1.936
24078,2024-05-22 19:30:00,62.88,145333333.33,1.256
24078,2024-05-23 06:30:00,76.4,182933333.33,0.632
24078,2024-05-23 07:30:00,75.12,173600000.0,0.648
24079,2024-05-20 15:15:00,18.72,11573333.33,1.768
24079,2024-05-21 20:00:00,57.04,132000000.0,1.344
24079,2024-05-22 06:30:00,85.6,206133333.33,0.824
24079,2024-05-22 08:35:00,88.8,123733333.33,0.672
24080,2024-05-20 14:10:00,19.44,12800000.0,1.552
24080,2024-05-21 20:00:00,54.0,135733333.33,1.296
24080,2024-05-22 06:30:00,77.68,185333333.33,0.912
24080,2024-05-22 08:35:00,80.0,90133333.33,0.744
24080,2024-05-22 11:10:00,81.6,268533333.33,0.576
24082,2024-05-22 15:30:00,18.48,17600000.0,1.92
24082,2024-05-22 19:30:00,19.2,18746666.67,1.832
24082,2024-05-23 09:15:00,28.4,63680000.0,1.792
24082,2024-05-23 19:15:00,52.64,100000000.0,1.368
24082,2024-05-24 06:30:00,79.12,183466666.67,0.784
24082,2024-05-24 08:45:00,83.2,173866666.67,0.672
24082,2024-05-24 10:00:00,83.2,179200000.0,0.528
24082,2024-05-24 11:30:00,85.6,169866666.67,0.48
24083,2024-05-25 09:35:00,18.32,8106666.67,1.688
24083,2024-05-27 07:00:00,72.64,174666666.67,0.424
24083,2024-05-27 07:30:00,74.48,179733333.33,0.4
24084,2024-05-25 09:35:00,17.92,8040000.0,2.056
24084,2024-05-27 07:00:00,74.8,175466666.67,0.984
24084,2024-05-27 07:30:00,74.96,163200000.0,0.96
24085,2024-05-28 08:40:00,16.32,6440000.0,1.904
24085,2024-05-29 19:45:00,63.28,119200000.0,1.272
24085,2024-05-30 06:45:00,79.44,152000000.0,0.56
24085,2024-05-30 07:45:00,81.6,173333333.33,0.496
24081,2024-05-28 08:40:00,18.88,5576000.0,2.056
24081,2024-05-29 19:45:00,61.6,143466666.67,1.368
24081,2024-05-30 06:45:00,79.84,166133333.33,0.704
24086,2024-05-27 18:45:00,20.4,19013333.33,1.664
24086,2024-05-28 20:20:00,51.44,91466666.67,1.416
24086,2024-05-29 06:45:00,73.68,154933333.33,1.056
24086,2024-05-29 07:45:00,75.04,162666666.67,0.984
24086,2024-05-29 08:45:00,74.4,149866666.67,0.936
24087,2024-05-27 17:00:00,16.72,22080000.0,1.944
24087,2024-05-28 20:20:00,48.72,105600000.0,1.416
24087,2024-05-29 06:45:00,70.56,169066666.67,1.008
24087,2024-05-29 07:45:00,72.72,183200000.0,1.008
24087,2024-05-29 08:45:00,74.16,171200000.0,0.824
24090,2024-05-29 15:45:00,19.76,19866666.67,1.872
24090,2024-05-29 19:45:00,20.24,22773333.33,1.76
24090,2024-05-30 07:15:00,24.96,53893333.33,2.0
24090,2024-05-30 11:15:00,29.12,68346666.67,1.976
24090,2024-05-30 15:45:00,39.12,84533333.33,1.8
24090,2024-05-30 19:30:00,46.32,110133333.33,1.576
24090,2024-05-31 06:45:00,68.56,137866666.67,1.16
24090,2024-05-31 07:45:00,69.76,137066666.67,1.032
24090,2024-05-31 09:15:00,69.92,146933333.33,1.04
24090,2024-05-31 11:00:00,73.52,145066666.67,0.88
24088,2024-06-01 08:55:00,18.32,5944000.0,1.752
24088,2024-06-03 06:30:00,65.52,175466666.67,0.944
24088,2024-06-03 08:30:00,64.8,158400000.0,0.928
24089,2024-06-01 08:00:00,18.0,5064000.0,2.088
24089,2024-06-03 06:30:00,69.44,157866666.67,1.032
24089,2024-06-03 08:30:00,71.44,148000000.0,0.856
24091,2024-06-04 07:45:00,14.0,5301333.33,2.104
24091,2024-06-05 19:30:00,63.2,184266666.67,1.568
24091,2024-06-06 06:35:00,86.4,223733333.33,0.648
24091,2024-06-06 07:30:00,85.6,195200000.0,0.704
24092,2024-06-04 07:45:00,16.72,5082666.67,2.08
24092,2024-06-05 19:30:00,66.0,168533333.33,1.512
24092,2024-06-06 06:35:00,100.0,222133333.33,0.688
24092,2024-06-06 07:30:00,101.6,223466666.67,0.52
24093,2024-06-03 14:40:00,15.92,9680000.0,1.904
24093,2024-06-04 20:00:00,52.56,132000000.0,1.552
24093,2024-06-05 06:30:00,75.52,245333333.33,0.872
24093,2024-06-05 07:10:00,73.76,214400000.0,0.832
24094,2024-06-03 14:40:00,14.24,12133333.33,1.952
24094,2024-06-04 20:00:00,48.88,128800000.0,1.672
24094,2024-06-05 06:30:00,79.36,229333333.33,1.0
24094,2024-06-05 07:10:00,78.0,204533333.33,0.992
24096,2024-06-06 06:35:00,33.44,77093333.33,1.744
24096,2024-06-06 11:45:00,44.72,115466666.67,1.544
24096,2024-06-06 15:45:00,60.64,140800000.0,1.552
24096,2024-06-06 19:30:00,60.96,199200000.0,1.464
24096,2024-06-07 06:40:00,96.0,252800000.0,0.56
24096,2024-06-07 07:40:00,99.2,256266666.67,0.544
24096,2024-06-07 08:45:00,97.6,250133333.33,0.56
24096,2024-06-07 11:00:00,101.6,230400000.0,0.408
24095,2024-06-11 08:10:00,20.8,5346666.67,1.912
24095,2024-06-12 19:30:00,55.6,198400000.0,1.288
24095,2024-06-13 06:45:00,82.4,246133333.33,0.848
24097,2024-06-11 08:10:00,22.24,5669333.33,1.928
24097,2024-06-12 19:30:00,55.6,198400000.0,1.288
24097,2024-06-13 06:45:00,87.2,240800000.0,0.712
24098,2024-06-15 12:15:00,19.6,1744000.0,1.896
24098,2024-06-17 06:40:00,55.36,123733333.33,1.616
24098,2024-06-17 09:00:00,59.28,139733333.33,1.52
24098,2024-06-17 10:30:00,62.4,138666666.67,1.44
24099,2024-06-17 17:00:00,19.52,8248000.0,1.824
24099,2024-06-18 19:20:00,44.72,70960000.0,1.4
24099,2024-06-19 06:35:00,73.92,156533333.33,0.968
24099,2024-06-19 08:00:00,74.64,158933333.33,0.888
24099,2024-06-19 09:30:00,78.48,165333333.33,0.824
24100,2024-06-19 16:00:00,20.8,14426666.67,2.016
24100,2024-06-19 20:00:00,21.44,14853333.33,1.96
24100,2024-06-20 06:30:00,27.28,44560000.0,1.832
24100,2024-06-20 10:00:00,31.68,56400000.0,1.784
24100,2024-06-20 14:00:00,43.68,75200000.0,1.864
24100,2024-06-20 18:00:00,52.88,106933333.33,1.616
24100,2024-06-21 06:30:00,88.8,205333333.33,0.72
24100,2024-06-21 07:30:00,85.6,223466666.67,0.592
24100,2024-06-21 09:00:00,84.0,217066666.67,0.512
24101,2024-06-29 07:30:00,19.28,6626666.67,0.952
24101,2024-07-01 07:00:00,92.8,174133333.33,0.36
24101,2024-07-01 07:30:00,92.0,157866666.67,0.24
24103,2024-06-29 07:30:00,19.04,4354666.67,1.904
24103,2024-07-01 07:00:00,89.6,167200000.0,0.64
24103,2024-07-01 07:30:00,84.8,173066666.67,0.544
24105,2024-07-03 20:00:00,61.92,91733333.33,1.504
24105,2024-07-04 06:30:00,85.6,170133333.33,0.856
24105,2024-07-04 08:30:00,84.8,173866666.67,0.784
24104,2024-07-03 20:00:00,59.12,75733333.33,1.552
24104,2024-07-04 06:30:00,80.0,162666666.67,0.944
24104,2024-07-04 08:30:00,82.4,171466666.67,0.816
24106,2024-07-01 13:15:00,23.6,10026666.67,1.944
24106,2024-07-02 20:15:00,69.04,78880000.0,1.416
24106,2024-07-03 06:30:00,83.2,151733333.33,0.704
24106,2024-07-03 08:00:00,84.0,163466666.67,0.56
24107,2024-07-01 14:00:00,21.76,10426666.67,1.816
24107,2024-07-02 20:15:00,62.16,64213333.33,1.208
24107,2024-07-03 06:30:00,88.0,183200000.0,0.672
24107,2024-07-03 08:00:00,87.2,151466666.67,0.584
24109,2024-07-03 16:00:00,23.84,15146666.67,1.832
24109,2024-07-03 20:00:00,24.0,14266666.67,1.952
24109,2024-07-04 07:00:00,34.88,50160000.0,1.84
24109,2024-07-04 11:30:00,45.2,75866666.67,1.616
24109,2024-07-04 15:30:00,58.0,69653333.33,1.448
24109,2024-07-04 19:30:00,68.4,106400000.0,1.296
24109,2024-07-05 06:30:00,92.0,190400000.0,0.584
24109,2024-07-05 08:00:00,93.6,185066666.67,0.512
24109,2024-07-05 10:10:00,94.4,196266666.67,0.44
24110,2024-07-03 16:00:00,26.56,10800000.0,1.792
24110,2024-07-03 20:00:00,28.0,15040000.0,1.816
24110,2024-07-04 07:00:00,36.08,45866666.67,1.864
24110,2024-07-04 11:30:00,46.56,67386666.67,1.608
24110,2024-07-04 15:30:00,58.4,80533333.33,1.584
24110,2024-07-04 19:30:00,69.76,102133333.33,1.248
24110,2024-07-05 06:30:00,100.8,152533333.33,0.6
24110,2024-07-05 08:00:00,104.8,151466666.67,0.52
24110,2024-07-05 10:10:00,104.8,157333333.33,0.592
